ID;SETOR;IDENTIFICAÇÃO NR-13;TAG;NUMERO RIV.;ANO DE FABRICAÇÃO;FABRICANTE;FABRICANTE RESUMIDO;CODIGO FABRICAÇÃO;ANO EDIÇÃO;PRESSÃO DE PROJETO (CASCO);PRESSÃO DE PROJETO (TUBO);P.M.T.A (CASCO);P.M.T.A (TUBO);PRESSÃO DE OPERAÇÃO (CASCO);PRESSÃO DE OPERAÇÃO (TUBO);PRESSÃO DE TH (CASCO);PRESSÃO DE TH (TUBO);FLUÍDO (CASCO);FLUÍDO (TUBO);CAPACIDADE m³ (CASCO);CAPACIDADE m³ (TUBO);PRESSÃO;TEMPERATURA;SEGURANÇA;CLASSE;GRUPO;CATEGORIA;CROQUI;DESENHO PARA PRONTUÁRIO;CÁLCULO MECÂNICO (MC);PAR COMPONENTES;LIVRO DE REGISTRO;DATA PRÓXIMA INSPEÇÃO (EXTERNA) ;DATA PRÓXIMA INSPEÇÃO (INTERNA) ;TESTE HIDROSTÁTICO;PLACA DE IDENTIFICAÇÃO;TAG E CATEGORIA;OBSERVAÇÕES;
1;CALDEIRA ZANINI;SEPARADOR DE UMIDADE DA TURBO BOMBA;SU-01;00806/23;2003;CHS - Coolers And Heaters Systems Ind. e Com. Ltda. – Diadema/SP;CHS;ASME - Seção VIII - Divisão 1;Edição 2001, Adenda 2003;28,00 Kgf/cm²;N / A;28,00 Kgf/cm²;N / A;21,00 Kgf/cm²;N / A;32,00 Kgf/cm²;N / A;VAPOR / CONDENSADO;N / A;0,095 m³;N / A;;.-x-.;;C;5;V;SIM ;NÃO;JECEL                           MCJ-JC-1111/2020;N / A;SIM;03/02/2030;10/03/2030;Efetuar teste hidrostática na próxima intervenção - Item 13.5.4.3.1 da NR13;;;;
2;CALDEIRA DEDINI;TANQUE DE DESCARGA CONTINUA;TDC-01;00077/23;2003;Dedini S/A Indústrias de Base – Piracicaba/SP (CODISTIL);Dedini;ASME - Seção VIII - Divisão 1;Edição 2010, Adenda 2011;3,50 Kgf/cm²;N / A;3,50 Kgf/cm²;N / A;1,50 Kgf/cm²;N / A;4,60 Kgf/cm²;N / A;VAPOR / CONDENSADO;N / A;2,400 m³;N / A;;.-x-.;;C;5;V;SIM ;NÃO;JECEL                           MCJ-JC-1110/2020;N / A;SIM;27/03/2028;27/03/2028;Efetuar teste hidrostática na próxima intervenção - Item 13.5.4.3.1 da NR13;ILEGÍVEL;;"Identificar o TAG e calibrar a válvula de Segurança e incluir o certificado de calibração.
Conectar o aterramento - Item 1.14 deste relatório.";
3;COGERAÇÃO;CONDENSADOR DE TURBINA;CDT1;00362/24;2004;CHS - Coolers And Heaters Systems Ind. e Com. Ltda. – Diadema/SP;CHS;ASME - Seção VIII - Divisão 1;Edição 2001, Tema C (Adotado);2,00 Kgf/cm²;2,50 Kgf/cm²;2,00 Kgf/cm²;2,50 Kgf/cm²;1,50 Kgf/cm²;2,00 Kgf/cm²;2,60 Kgf/cm²;3,30 Kgf/cm²;VAPOR;ÁGUA;21,57 m³;.-x-.;;.-x-.;;C;3;III;SIM ;NÃO;PERTICARARI;N / A;SIM;22/03/2027;10/04/2027;Efetuar teste hidrostática na próxima intervenção - Item 13.5.4.3.1 da NR13;;;Refazer pinturas / Instalar o aterramento.;
4;COGERAÇÃO;CONDENSADOR DE VAPOR DE SELAGEM - TMC 1° ESTÁGIOS;CVS-01;00363/24;2004;CHS - Coolers And Heaters Systems Ind. e Com. Ltda. – Diadema/SP;CHS;ASME - Seção VIII - Divisão 1;Edição 2001, Tema C (Adotado);2,00 Kgf/cm²;6,00 Kgf/cm²;2,00 Kgf/cm²;6,00 Kgf/cm²;1,10 Kgf/cm²;5,00 Kgf/cm²;2,60 Kgf/cm²;7,80 Kgf/cm²;VAPOR;AR / ÁGUA DE RESFRIAMENTO;0,104 m³;.-x-.;;.-x-.;;C;5;V;SIM ;NÃO;JECEL                           MCV-JC-1106/2020;.-x-.;SIM;22/03/2029;27/02/2033;Efetuar teste hidrostática na próxima intervenção - Item 13.5.4.3.1 da NR13;;;Refazer pinturas / Instalar o aterramento.;
5;COGERAÇÃO;CONDENSADOR DE VAPOR DE SELAGEM - TMC 2° ESTÁGIOS;CVS-01;00369/24;2004;CHS - Coolers And Heaters Systems Ind. e Com. Ltda. – Diadema/SP;CHS;ASME - Seção VIII - Divisão 1;Edição 2001, Tema C (Adotado);2,00 Kgf/cm²;6,00 Kgf/cm²;2,00 Kgf/cm²;6,00 Kgf/cm²;1,10 Kgf/cm²;5,00 Kgf/cm²;2,60 Kgf/cm²;7,80 Kgf/cm²;VAPOR;AR / ÁGUA DE RESFRIAMENTO;0,104 m³;.-x-.;;.-x-.;;C;5;V;SIM ;NÃO;JECEL                           MCV-JC-1106/2020;.-x-.;SIM;22/03/2029;27/02/2033;;;;Nota: Fornecer informações técnicas lados casco/ tubos (desenho/volume) para cálculo do PV e enquadramento NR-13;
6;COGERAÇÃO;RESERVATÓRIO DE AR 01;RA01;00266/24;2004;Atlas Copco Brasil Ltda – Barueri/SP;Atlas Copco;ASME - Seção VIII - Divisão 1;Edição 2004;10,20 kgf/cm²;N / A;10,20 kgf/cm²;N / A;6.00 Kgf/cm²;N / A;13.26 Kgf/cm²;N / A;AR COMPRIMIDO;N / A;1,00 m³;N / A;;.-x-.;;C;4;IV;SIM ;NÃO;JECEL                           MCV-JC-1102/2020;298FM-023-02-2020;SIM;07/03/2028;06/03/2026;Efetuar teste hidrostática na próxima intervenção - Item 13.5.4.3.1 da NR13;Adequar a Placa de Identificação – Item 13.5.1.3 da NR-13.;;Refazer pinturas – itens 1.5., 1.6. e 1.9. deste relatório / Instalar o aterramento – item 1.12. deste relatório.;
7;COGERAÇÃO;RESERVATÓRIO DE AR 02;RA02;00267/24;2004;Atlas Copco Brasil Ltda – Barueri/SP;Atlas Copco;ASME - Seção VIII - Divisão 1;Edição 2004;10,20 kgf/cm²;N / A;10,20 kgf/cm²;N / A;6.00 Kgf/cm²;N / A;13.26 Kgf/cm²;N / A;AR COMPRIMIDO;N / A;1,00 m³;N / A;;.-x-.;;C;4;IV;SIM ;NÃO;JECEL                           MCV-JC-1103/2020;299FM-023-02-2020;SIM;07/03/2028;06/03/2026;Efetuar teste hidrostática na próxima intervenção - Item 13.5.4.3.1 da NR13;Adequar a Placa de Identificação – Item 13.5.1.3 da NR-13.;;Refazer pinturas – itens 1.5., 1.6. e 1.9. deste relatório / Instalar o aterramento – item 1.12. deste relatório.;
8;DESTILARIA ;SEPARADOR DE CONDENSADO DE AR COMPRIMIDO ;SC-01;00252/24;2014;Pressure Comercial Ltda – Barueri/SP;Pressure;ASME - Seção VIII - Divisão 1;Edição 2007;13,53 Kgf/cm²;N / A;13,53 Kgf/cm²;N / A;6,00 Kgf/cm²;N / A;17,59 Kgf/cm²;N / A;CONDENSADO;N / A;.-x-.;.-x-.;;.-x-.;;C;3;III;SIM ;NÃO;JECEL                           MCV-JC-1112/2020;N / A;SIM;22/03/2027;08/09/2026;;;OK;Instalar o aterramento – item 1.12. deste relatório.;
9;DESTILARIA - ETANAL NEUTRO;COLUNA DE DEMETILAÇÃO T-500;T - 500;00007/25;2021;Citrotec Brasil;Citrotec;ASME - Seção VIII - Divisão 1;Edição 2019;- 1,00 a 3,50 kgf/cm²;N / A;3,50 kgf/cm²;N / A;- 0,50 Kgf/cm²;N / A;4,55 Kgf/cm²;N / A;ETANOL ;N / A;127,320 m³;N / A;PIT-501 / PIT-503;.-x-.;SIFÃO INVERTIDO;A;2;I;SIM ;145685-1 Rev.0;Relatório A.9.4 MC Citrotec Brasil.;N / A;SIM;01/01/2026;24/03/2028;Efetuar teste hidrostática na próxima intervenção - Item 13.5.4.3.1 da NR13;Instalar a Placa de Identificação – item 13.5.1.3. da NR13.;;Executar a calibração e gerar certificados dos transmissores de pressão digitais (TAG’s PIT–501 e PIT–503).;
10;DESTILARIA - ETANAL NEUTRO;COLUNA DE HIDROSSELEÇÃO T-300;T - 300;00008/25;2021;Citrotec Brasil;Citrotec;ASME - Seção VIII - Divisão 1;Edição 2019;- 1,00 a 3,50 kgf/cm²;N / A;3,50 kgf/cm²;N / A;- 0,70 Kgf/cm²;N / A;4,55 Kgf/cm²;N / A;ETANOL ;N / A;146,69 m³;N / A;PIT-301 / PIT-303;.-x-.;SIFÃO INVERTIDO;A;2;I;SIM ;145685-1 Rev.0;Relatório A.9.5 MC Citrotec Brasil.;N / A;SIM;01/01/2026;25/03/2028;Efetuar teste hidrostática na próxima intervenção - Item 13.5.4.3.1 da NR13;;;Executar a calibração e gerar certificados dos transmissores de pressão digitais (TAG’s PIT–301 e PIT–303) / ;
11;DESTILARIA - ETANAL NEUTRO;COLUNA DE LAVAGEM T-900;T - 900;00318/24;2021;Citrotec Brasil;Citrotec;ASME - Seção VIII - Divisão 1;Edição 2019;3,60 kgf/cm²;5,00 kgf/cm²;2,00 kgf/cm²;N / A;- 0,70 Kgf/cm²;N / A;2,60 Kgf/cm²;N / A;ETANOL ;N / A;0,65 m³;N / A;;.-x-.;;A;5;III;SIM ;145685-1 Rev.0;Relatório A.9.6 MC Citrotec Brasil.;N / A;SIM;26/03/2027;25/03/2030;;;Adequar a Categoria – 13.5.1.4. da NR-13.;Instalar dispositivo de pressão - Item 13.5.1.2 (d) da NR13. ;
12;DESTILARIA - ETANAL NEUTRO;COLUNA DE RETIFICAÇÃO T-400;T - 400;00009/25;2021;Citrotec Brasil;Citrotec;ASME - Seção VIII - Divisão 1;Edição 2019;2,60 kgf/cm²;N / A;2,60 kgf/cm²;N / A;- 0,50 Kgf/cm²;N / A;3,56 Kgf/cm²;N / A;ETANOL ;N / A;255,44 m³;N / A;PIT-401 / PIT-403;.-x-.;SIFÃO INVERTIDO;A;2;I;SIM ;145685-1 Rev.0;Relatório A.9.7 MC Citrotec Brasil.;N / A;SIM;02/01/2026;25/03/2028;Efetuar teste hidrostática na próxima intervenção - Item 13.5.4.3.1 da NR13;Instalar a Placa de Identificação – item 13.5.1.3. da NR13.;;Executar a calibração e gerar certificados dos transmissores de pressão digitais (TAG’s PIT – 401 e PIT – 403).;
13;DESTILARIA - ETANAL NEUTRO;CONDENSADOR VERTICAL E-302;E-302;00310/24;2021;Citrotec Brasil;Citrotec;ASME - Seção VIII - Divisão 1;Edição 2019;3,60 kgf/cm²;5,00 kgf/cm²;3,60 kgf/cm²;5,00 kgf/cm²;0,70 Kgf/cm²;2,00 Kgf/cm²;4,68 Kgf/cm²;6,65 Kgf/cm²;VAPOR ALCOÓLICO;ÁGUA TORRE;0,33 m³;0,25 m³;;.-x-.;;A;5;III;SIM ;145685-1 Rev.0;Relatório A.9.11 MC Citrotec Brasil.;N / A;SIM;22/03/2027;21/03/2030;;;Adequar a Categoria – 13.5.1.4. da NR-13.;;
14;DESTILARIA - ETANAL NEUTRO;CONDENSADOR VERTICAL E-402;E-402;00311/24;2021;Citrotec Brasil;Citrotec;ASME - Seção VIII - Divisão 1;Edição 2019;2,00 kgf/cm²;3,50 kgf/cm²;2,60 kgf/cm²;5,00 kgf/cm²;0,80 Kgf/cm²;3,00 Kgf/cm²;3,38 Kgf/cm²;6,50 Kgf/cm²;VAPOR ALCOÓLICO;ÁGUA TORRE;0,33 m³;0,25 m³;;.-x-.;;A;5;III;SIM ;145685-1 Rev.0;Relatório A.9.12 MC Citrotec Brasil.;N / A;SIM;22/03/2027;21/03/2030;;;Adequar a Categoria – 13.5.1.4. da NR-13. / Identificar o TAG – item 13.5.1.4. da NR-13;;
15;DESTILARIA - ETANAL NEUTRO;CONDENSADOR VERTICAL E-502;E-502;00312/24;2021;Citrotec Brasil;Citrotec;ASME - Seção VIII - Divisão 1;Edição 2019;2,00 kgf/cm²;2,60 kgf/cm²;3,60 kgf/cm²;5,00 kgf/cm²;0,50 Kgf/cm²;2,00 Kgf/cm²;4,68 Kgf/cm²;6,50 Kgf/cm²;VAPOR ALCOÓLICO;ÁGUA TORRE;0,67 m³;0,72 m³;;.-x-.;;A;5;III;SIM ;145685-1 Rev.0;Relatório A.9.13 MC Citrotec Brasil.;N / A;SIM;22/03/2027;21/03/2030;;;Adequar a Categoria – 13.5.1.4. da NR-13.;;
16;DESTILARIA - ETANAL NEUTRO;REAQUECEDOR E-304;E-304;00320/24;2021;Citrotec Brasil;Citrotec;ASME - Seção VIII - Divisão 1;Edição 2019;2,60 kgf/cm²;3,50 kgf/cm²;2,00 kgf/cm²;3,50 kgf/cm²;0,80 Kgf/cm²;3,00 Kgf/cm²;2,74 Kgf/cm²;3,00 Kgf/cm²;VAPOR ALCOÓLICO;VAPOR;0,12 m³;0,12 m³;;.-x-.;;A;4;III;SIM ;145685-1 Rev.0;Relatório A.9.16 MC Citrotec Brasil.;N / A;SIM;22/03/2027;21/03/2030;;;Adequar a Categoria – 13.5.1.4. da NR-13.;;
17;DESTILARIA - ETANAL NEUTRO;REAQUECEDOR E-404;E-404;00321/24;2021;Citrotec Brasil;Citrotec;ASME - Seção VIII - Divisão 1;Edição 2019;2,00 kgf/cm²;2,50 kgf/cm²;2,00 kgf/cm²;2,60 kgf/cm²;1,50 Kgf/cm²;3,00 Kgf/cm²;2,74 Kgf/cm²;4,55 Kgf/cm²;VAPOR ALCOÓLICO;VAPOR;2,02 m³;0,22 m³;;.-x-.;;A;5;III;SIM ;145685-1 Rev.0;Relatório A.9.17 MC Citrotec Brasil.;N / A;SIM;22/03/2027;21/03/2030;;;Adequar a Categoria – 13.5.1.4. da NR-13.;;
18;DESTILARIA - ETANAL NEUTRO;REAQUECEDOR E-504;E-504;00322/24;2021;Citrotec Brasil;Citrotec;ASME - Seção VIII - Divisão 1;Edição 2019;2,00 kgf/cm²;3,50 kgf/cm²;2,00 kgf/cm²;3,50 kgf/cm²;3,00 Kgf/cm²;3,00 Kgf/cm²;2,74 Kgf/cm²;4,55 Kgf/cm²;VAPOR ALCOÓLICO;VAPOR;0,910 m³;0,100 m³;;.-x-.;;A;5;III;SIM ;145685-1 Rev.0;Relatório A.9.15 MC Citrotec Brasil.;N / A;SIM;22/03/2027;21/03/2030;;INEXISTENTE;Adequar a Categoria – 13.5.1.4. da NR-13.;;
19;DESTILARIA - ETANAL NEUTRO;REBOILER E-303;E-303;00313/24;2021;Citrotec Brasil;Citrotec;ASME - Seção VIII - Divisão 1;Edição 2019;1,00 kgf/cm²;N / A;2,60 kgf/cm²;3,50 kgf/cm²;0,80 Kgf/cm²;0,70 Kgf/cm²;3,56 Kgf/cm²;4,55 Kgf/cm²;ETANOL ;VAPOR;4,24 m³;8,37 m³;;.-x-.;;A;4;III;SIM ;145685-1 Rev.0;Relatório A.9.19 MC Citrotec Brasil.;N / A;SIM;22/03/2027;21/03/2030;;;Adequar a Categoria – 13.5.1.4. da NR-13.;;
20;DESTILARIA - ETANAL NEUTRO;REBOILER E-403;E-403;00314/24;2021;Citrotec Brasil;Citrotec;ASME - Seção VIII - Divisão 1;Edição 2019;1,00 kgf/cm²;N / A;2,00 kgf/cm²;2,50 kgf/cm²;1,50 Kgf/cm²;0,80 Kgf/cm²;2,74 Kgf/cm²;3,56 Kgf/cm²;ETANOL ;VAPOR;9,30 m³;19,01 m³;;.-x-.;;A;4;III;SIM ;145685-1 Rev.0;Relatório A.9.19 MC Citrotec Brasil.;N / A;SIM;22/03/2027;21/03/2030;;;Adequar a Categoria – 13.5.1.4. da NR-13.;;
21;DESTILARIA - ETANAL NEUTRO;REBOILER E-503;E-503;00315/24;2021;Citrotec Brasil;Citrotec;ASME - Seção VIII - Divisão 1;Edição 2019;-1,00 a 2,20 kgf/cm²;N / A;2,00 kgf/cm²;3,50 kgf/cm²;0,80 Kgf/cm²;0,50 Kgf/cm²;2,74 Kgf/cm²;4,55 Kgf/cm²;ETANOL ;VAPOR;2,99 m³;6,14 m³;;.-x-.;;A;5;III;SIM ;145685-1 Rev.0;Relatório A.9.18 MC Citrotec Brasil.;N / A;SIM;22/03/2027;21/03/2030;;;Adequar a Categoria – 13.5.1.4. da NR-13.;;
22;DESTILARIA - ETANAL NEUTRO;BALÃO DE REFLUXO D-301 ;D-301;21-0790.008-31-126936-RIP;2021;Citrotec Brasil;Citrotec;ASME - Seção VIII - Divisão 1;Edição 2019;-1,00 a 2,00 kgf/cm²;N / A;-1,00 a 2,00 kgf/cm²;N / A;-0,70 kgf/cm²;N / A;2,60 Kgf/cm²;N / A;FLEGMA;N / A;;N / A;;;;A;5;III;;145685-1 Rev.0;Relatório A.9.18 MC Citrotec Brasil.;N / A;;23/05/2026;18/01/2026;;;;;
23;DESTILARIA - ETANAL NEUTRO;BALÃO DE REFLUXO D-401 ;D-401;23-0922-31-132299-RIP;2021;Citrotec Brasil;Citrotec;ASME - Seção VIII - Divisão 1;Edição 2019;-1,00 a 2,00 kgf/cm²;N / A;-1,00 a 2,00 kgf/cm²;N / A;0,80 kgf/cm²;N / A;2,74 Kgf/cm²;N / A;FLEGMA;N / A;;N / A;;;;A;5;III;;145685-1 Rev.0;Relatório A.9.18 MC Citrotec Brasil.;N / A;;23/05/2026;18/01/2026;;;;;
24;DESTILARIA - ETANAL NEUTRO;BALÃO DE REFLUXO D-501 ;D-501;23-0922-31-132297-RIP;2021;Citrotec Brasil;Citrotec;ASME - Seção VIII - Divisão 1;Edição 2019;-1,00 a 2,00 kgf/cm²;N / A;-1,00 a 2,00 kgf/cm²;N / A;-0,50 kgf/cm²;N / A;2,60 Kgf/cm²;N / A;FLEGMA;N / A;;N / A;;;;A;5;III;;145685-1 Rev.0;Relatório A.9.18 MC Citrotec Brasil.;N / A;;23/05/2026;18/01/2026;;;;;
25;DESTILARIA - ETANAL NEUTRO;TANQUE SELO DE ÁLCOOL TSA-01;TSA-01;00309/24;2021;Citrotec Brasil;Citrotec;ASME - Seção VIII - Divisão 1;Edição 2019;0,70 kgf/cm²;1,20 kgf/cm²;1,00 kgf/cm²;N / A;ATMOSFÉRICA;N / A;1,37 Kgf/cm²;N / A;ÁLCOOL;N / A;2,12 m³;N / A;;.-x-.;;A;5;III;SIM ;145685-1 Rev.0;Relatório A.9.25 MC Citrotec Brasil.;N / A;SIM;13/03/2028;13/03/2028;;;;;
26;DESTILARIA - ETANAL NEUTRO;CONDENSADOR HORIZONTAL E-301;E-301;23-0922-31-135075-RIP;2021;Citrotec Brasil;Citrotec;ASME - Seção VIII - Divisão 1;Edição 2019;-1,00 a 2,00 kgf/cm²;-0,10 a 5,00 kgf/cm²;-1,00 a 2,00 kgf/cm²;-0,10 a 5,00 kgf/cm²;-0,70 kgf/cm²;2,00 kgf/cm²;2,60 kgf/cm²;6,50 kgf/cm²;VAPOR ALCOÓLICO;ÁGUA;;;;;;A;5;III;;145685-1 Rev.0;Relatório A.9.25 MC Citrotec Brasil.;N / A;;29/06/2026;17/01/2030;;;;;
27;DESTILARIA - ETANAL NEUTRO;CONDENSADOR HORIZONTAL E-401;E-401;23-0922-31-135077-RIP;2021;Citrotec Brasil;Citrotec;ASME - Seção VIII - Divisão 1;Edição 2019;-0,10 a 2,60 kgf/cm²;-0,10 a 5,00 kgf/cm²;-0,10 a 2,60 kgf/cm²;-0,10 a 5,00 kgf/cm²;0,80 kgf/cm²;3,00 kgf/cm²;3,56 kgf/cm²;6,50 kgf/cm²;VAPOR ALCOÓLICO;ÁGUA;;;;;;A;5;III;;145685-1 Rev.0;Relatório A.9.25 MC Citrotec Brasil.;N / A;;29/06/2026;17/01/2030;;;;;
28;DESTILARIA - ETANAL NEUTRO;CONDENSADOR HORIZONTAL E-501;E-501;23-0922-31-135079-RIP;2021;Citrotec Brasil;Citrotec;ASME - Seção VIII - Divisão 1;Edição 2019;-1,00 a 2,00 kgf/cm²;-0,10 a 5,00 kgf/cm²;-1,00 a 2,00 kgf/cm²;-0,10 a 5,00 kgf/cm²;-0,50 kgf/cm²;2,00 kgf/cm²;2,60 kgf/cm²;6,50 kgf/cm²;VAPOR ALCOÓLICO;ÁGUA;;;;;;A;5;III;;145685-1 Rev.0;Relatório A.9.25 MC Citrotec Brasil.;N / A;;29/06/2026;17/01/2030;;;;;
29;DESTILARIA - ETANAL NEUTRO;TANQUE BASE COLUNA D-400;D-400;21-0790.008-31-126964-RIP;2021;Citrotec Brasil;Citrotec;ASME - Seção VIII - Divisão 1;Edição 2019;-0,10 a 2,60 kgf/cm²;N / A;-0,10 a 2,60 kgf/cm²;N / A;1,50 kgf/cm²;N / A;3,56 kgf/cm²;N / A;ÁGUA;N / A;;;;;;A;5;III;;145685-1 Rev.0;Relatório A.9.25 MC Citrotec Brasil.;N / A;;28/06/2026;28/06/2031;;;;;
30;DESTILARIA - ETANAL NEUTRO;TANQUE CONDENSADOR TC-01;TC-01;21-0790.008-31-126965-RIP;2021;Citrotec Brasil;Citrotec;ASME - Seção VIII - Divisão 1;Edição 2019;-1,00 a 4,00 kgf/cm²;N / A;-1,00 a 4,00 kgf/cm²;N / A;1,50 kgf/cm²;N / A;5,48 kgf/cm²;N / A;CONDENSADO;N / A;;;;;;A;5;III;;145685-1 Rev.0;Relatório A.9.25 MC Citrotec Brasil.;N / A;;30/06/2026;30/06/2031;;;;;
31;DESTILARIA (Aparelho 300.000);COLUNA A-A1;COL01;00292/24;1988;CODISTIL S/A _ PIRACICABA-SP;CODISTIL;ASME - Seção VIII - Divisão 1;Edição 1986 (adotado);0,60 kgf/cm²;1,50 kgf/cm²;1,00 kgf/cm²;N / A;0,50 Kgf/cm²;N / A;1,60 Kgf/cm²;N / A;VINHAÇA / FLEGMAÇA;N / A;111,91 m³;N / A;;.-x-.;PSV - 0468;A;3;II;SIM ;4 - 003 - 0044 / Rev.0;MC.346.04.02.13;N / A;SIM;14/03/2026;04/03/2029;Efetuar teste hidrostática na próxima intervenção - Item 13.5.4.3.1 da NR13;;;Executar a calibração e gerar certificados do dispositivo de segurança - Item 13.5.1.5 (e) da NR-13.;
32;DESTILARIA (Aparelho 300.000);COLUNA B;COL02;00293/24;1988;CODISTIL S/A _ PIRACICABA-SP;CODISTIL;ASME - Seção VIII - Divisão 1;Edição 1986 (Adotado);0,60 kgf/cm²;N / A;0,90 kgf/cm²;N / A;0,80 Kgf/cm²;N / A;1,30 Kgf/cm²;N / A;FLEGMAÇA / VAPOR HIDROALCOÓLICO;N / A;139,695 m³;N / A;;.-x-.;PSV - 0468;A;3;II;SIM ;SIM;MC.347.04.02.13;286FM-023-02-2020;SIM;14/03/2026;04/03/2029;Efetuar teste hidrostática na próxima intervenção - Item 13.5.4.3.1 da NR13;Adequar a Placa de Identificação – Item 13.5.1.3 da NR-13.;;Executar a calibração e gerar certificados do dispositivo de segurança - Item 13.5.1.5 (e) da NR-13.;
33;DESTILARIA (Aparelho 300.000);"COLUNA D (""Dezinha"")";COL10;00307/24;1988;CODISTIL S/A _ PIRACICABA-SP;CODISTIL;ASME - Seção VIII - Divisão 1;Edição 1986 (Adotado);0,60 kgf/cm²;1,50 kgf/cm²;1,00 kgf/cm²;N / A;0,50 Kgf/cm²;N / A;1,60 Kgf/cm²;N / A;VINHAÇA / FLEGMAÇA;N / A;4,129 m³;N / A;;.-x-.;;A;5;III;SIM ;NÃO;MC-210790.008-02805;N / A;SIM;14/03/2026;04/03/2029;;;Adequar a Categoria – 13.5.1.4. da NR-13.;Instalar iluminação de emergência – item 13.5.2.2.e da NR-13;
34;DESTILARIA (Aparelho 300.000);COLUNA R;CLO04;00244/24;2001;JW Indústria e Caomércio de Equipamentos em Aço Inoxidável Ltda / Sertãozinho-AP;JW;ASME - Seção VIII - Divisão 1;Edição 1998;3,00 Kgf/cm² ;N / A;-1,00 a 2,20 kgf/cm²;N / A;- 0,69 Kgf/cm²;N / A;N / A;N / A;ETANOL ;ÁGUA;26,983 m³;N / A;;.-x-.;;A;4;III;SIM ;NÃO;SIM;N / A;SIM;20/03/2027;20/03/2027;;;;Instalar dispositivo de segurança – item 13.5.1.2 (a) da NR-13;
35;DESTILARIA (Aparelho 300.000);COLUNA T-301;COL03;00398/24;2001;JW Indústria e Caomércio de Equipamentos em Aço Inoxidável Ltda / Sertãozinho-AP;JW;ASME - Seção VIII - Divisão 1;Edição 1986 (Adotado);1.30 kgf/cm²;N / A;1.30 kgf/cm²;N / A;0,30 Kgf/cm² ;N / A;1,95 Kgf/cm²;N / A;ETANAL HIDRATADO;N / A;47,697 m³;N / A;;.-x-.;PSV - 0468;A;3;II;SIM ;SIM;SIM;N / A;SIM;20/03/2026;31/01/2027;Efetuar teste hidrostática na próxima intervenção - Item 13.5.4.3.1 da NR13;Adequar a Placa de Identificação – Item 13.5.1.3 da NR-13.;;Executar a calibração e gerar certificados do dispositivo de segurança - Item 13.5.1.5 (e) da NR-13.;
36;DESTILARIA (Aparelho 300.000);CONDENSADOR E;CAH01;00261/24     00018/25;1998;DEDINI S/A _ PIRACICABA-SP (CODISTIL);Dedini;ASME - Seção VIII - Divisão 1;Edição 1998;0,70 Kgf/cm² ;3,70 Kgf/cm² ;0,70 kgf/cm²;3,70 kgf/cm²;0,43 kgf/cm²;3,60 kgf/cm²;1,32 kgf/cm²;5,55 kgf/cm²;ETANOL ;VINHO;4,127 m³;1,843 m³;MAN-371       MAN-373;.-x-.;PSV - 0468;A;5;III;SIM ;SIM;JECEL                        MCJ-JC-1113/2020;PAR.ABN18/02/2021-006;SIM;25/03/2027;02/02/2031;FMGOIGOI050/24-TH 0002/25-TH;;;Executar a calibração e gerar certificados do dispositivo de segurança - Item 13.5.1.5 (e) da NR-13.;
37;DESTILARIA (Aparelho 300.000);CONDENSADOR E1;CAH02;00262/24     00019/25;1988;CODISTIL S/A _ PIRACICABA-SP;CODISTIL;ASME - Seção VIII - Divisão 1;Edição 1998;0,70 kgf/cm²;1,20 kgf/cm²;0,70 kgf/cm²;1,20 kgf/cm²;0,43 Kgf/cm²;1,03 Kgf/cm²;1,32 Kgf/cm²;1,8 Kgf/cm²;ETANOL ;ÁGUA;4,11 m³;1,86 m³;MAN-401      MAN-402;.-x-.;PSV - 0468;A;5;III;SIM ;SIM;SIM;PAR.ABN18/02/2021-005 _ 284FM-002-03-2021;SIM;25/03/2027;02/02/2031;FMGOIGOI051/24-TH 0003/25-TH;;;Executar a calibração e gerar certificados do dispositivo de segurança - Item 13.5.1.5 (e) da NR-13.;
38;DESTILARIA (Aparelho 300.000);CONDENSADOR E2 ;CAH03;00263-24     00020/25;1998;CODISTIL S/A _ PIRACICABA-SP;CODISTIL;ASME - Seção VIII - Divisão 1;Edição 1998;0,70 Kgf/cm² ;1,20 Kgf/cm² ;0,70 kgf/cm²;1,20 kgf/cm²;0,33 Kgf/cm²;1,03 Kgf/cm²;1,32 Kgf/cm²;2,26 Kgf/cm²;ETANOL ;ÁGUA;2,926 m³;1,000 m³;MAN-398;.-x-.;PSV - 0468;A;5;III;SIM ;SIM;SIM;289FM-023-02-202;SIM;25/03/2027;02/02/2031;FMGOIGOI052/24-TH 0004/25-TH;;OK;Executar a calibração e gerar certificados do dispositivo de segurança - Item 13.5.1.5 (e) da NR-13.;
39;DESTILARIA (Aparelho 300.000);CONDENSADOR R;CAH04;00259/24     00021/25;1998;CODISTIL S/A _ PIRACICABA-SP;CODISTIL;ASME - Seção VIII - Divisão 1;Edição 1983 (Adotado);0,70 kgf/cm²;1,20 kgf/cm²;0,70 kgf/cm²;1,20 kgf/cm²;0,33 Kgf/cm²;1,03 Kgf/cm²;1,32 Kgf/cm²;1,8 Kgf/cm²;ETANOL ;ÁGUA;2,026 m³;0,312 m³;MAN-392 Até MAN-395;.-x-.;PSV - 0468;A;5;III;SIM ;SIM;SIM;290FM-023-02-2020 / PAR.ABN18/02/2021-004;SIM;25/03/2027;02/02/2031;FMGOIGOI012/24-TH 0005/25-TH;;OK;Executar a calibração e gerar certificados do dispositivo de segurança - Item 13.5.1.5 (e) da NR-13.;
40;DESTILARIA (Aparelho 300.000);CONDENSADOR R1;CAH05;00260/24     00022/25;1998;JW Indústria e Caomércio de Equipamentos em Aço Inoxidável Ltda / Sertãozinho-AP;JW;ASME - Seção VIII - Divisão 1;Edição 1998; 0,70 kgf/cm²; 1,20 kgf/cm²; 0,70 kgf/cm²; 1,20 kgf/cm²;0,33 Kgf/cm²;1,03 Kgf/cm²;1,32 Kgf/cm²;1,80 Kgf/cm²;ETANOL ;ÁGUA;0,594 m³;0,240 m³;MAN-356       MAN-396;.-x-.;PSV - 0468;A;5;III;SIM ;SIM;SIM;N / A;SIM;25/03/2027;02/02/2031;FMGOIGOI013/24-TH 0006/25-TH;;;Executar a calibração e gerar certificados do dispositivo de segurança - Item 13.5.1.5 (e) da NR-13.;
41;DESTILARIA (Aparelho 300.000);CONDENSADOR TC - 301;COA03;00268/24;2000;JW Indústria e Caomércio de Equipamentos em Aço Inoxidável Ltda / Sertãozinho-AP;JW;ASME - Seção VIII - Divisão 1;Edição 2000;0,60 kgf/cm²;1,50 kgf/cm²;0,60 kgf/cm²;1,50 kgf/cm²;0.53 kgf/cm²;1.03 kgf/cm²;1.00 kgf/cm²;2.45 kgf/cm²;VAPOR HIDROÁLCOOLICO;ÁGUA;2,89 m³;.-x-.;;.-x-.;;A;5;III;SIM ;NÃO;SIM;306FM-023-02-2020;SIM;07/03/2027;07/03/2030;FMGOIGOI044 / 24 - TH;;;Identificar o TAG dispositivo de segurança e Anexar o Certificado  – item 13.5.1.2 (a) da NR-13.;
42;DESTILARIA (Aparelho 300.000);CONDENSADOR TC - 302;COA04;00269/24;2001;JW Indústria e Caomércio de Equipamentos em Aço Inoxidável Ltda / Sertãozinho-AP;JW;ASME - Seção VIII - Divisão 1;Edição 2001;0,60 kgf/cm²;1,40 kgf/cm²;0,60 kgf/cm²;1,40 kgf/cm²;0.53 kgf/cm²;1.03 kgf/cm²;1.00 kgf/cm²;2.45 kgf/cm²;VAPOR HIDROÁLCOOLICO;ÁGUA;1,22 m³;.-x-.;;.-x-.;;A;5;III;SIM ;NÃO;SIM;N / A;SIM;06/03/2027;06/03/2030;SIM;;;Identificar o TAG dispositivo de segurança e Anexar o Certificado  – item 13.5.1.2 (a) da NR-13.;
43;DESTILARIA (Aparelho 300.000);CONDENSADOR TC - 303;COA05;00270/24;2001;JW Indústria e Caomércio de Equipamentos em Aço Inoxidável Ltda / Sertãozinho-AP;JW;ASME - Seção VIII - Divisão 1;Edição 2001;0,60 kgf/cm²;1,50 kgf/cm²;0,60 kgf/cm²;1,50 kgf/cm²;0.53 kgf/cm²;1.03 kgf/cm²;1.00 kgf/cm²;2,60 kgf/cm²;VAPOR HIDROÁLCOOLICO;ÁGUA;1,48 m³;.-x-.;;.-x-.;;A;5;III;SIM ;NÃO;SIM;N / A;SIM;07/03/2027;07/03/2030;SIM;;;Instalar iluminação de Emergência item 13.5.2.2.e da NR13 /  Identificar o TAG dispositivo de segurança e Anexar o Certificado  – item 13.5.1.2 (a) da NR-13.;
44;DESTILARIA (Aparelho 300.000);CONDENSADOR TC - 401;COA01;00272/24;2001;JW Indústria e Caomércio de Equipamentos em Aço Inoxidável Ltda / Sertãozinho-AP;JW;ASME - Seção VIII - Divisão 1;Edição 2001;- 0,31 e 0,60 Kgf/cm²;1,50 Kgf/cm²;- 0,31 a 0,60 Kgf/cm²; 1,50 Kgf/cm²;- 0,31 a 0,60Kgf/cm²;1,03 Kgf/cm²;1,00 Kgf/cm²;2,60 Kgf/cm²;VAPOR HIDROÁLCOOLICO;ÁGUA;1,420 m³;.-x-.;;.-x-.;;A;5;III;SIM ;NÃO;SIM;N / A;SIM;07/03/2027;07/03/2030;FMGOIGOI045 / 24 - TH;Adequar a Placa de Identificação – Item 13.5.1.3 da NR-13.;OK;Identificar o TAG da Válvula de Segurança e Anexar o Certificado.;
45;DESTILARIA (Aparelho 300.000);CONDENSADOR TC - 402;COA02;00273/24;2001;JW Indústria e Caomércio de Equipamentos em Aço Inoxidável Ltda / Sertãozinho-AP;JW;ASME - Seção VIII - Divisão 1;Edição 2001;-1.00 a 0.60 Kgf/cm²;0.60 Kgf/cm²;0,60 kgf/cm²;1,50 kgf/cm²;- 0.79 Kgf/cm²;1.03 Kgf/cm²;1.00 Kgf/cm²;2.60 Kgf/cm²;VAPOR HIDROÁLCOOLICO;ÁGUA;1,22 m³;.-x-.;;.-x-.;;A;5;III;SIM ;NÃO;SIM;PAR.ABN18/02/2021-008;SIM;07/03/2027;07/03/2030;SIM;;;Identificar o TAG da Válvula de Segurança e Anexar o Certificado.;
46;DESTILARIA (Aparelho 300.000);RESFRIADEIRA J;REJ01;00276/24;2005;Adequar placa de identificação;Desconhecido;ASME - Seção VIII - Divisão 1;Edição 1998;0,60 kgf/cm²;1,50 kgf/cm²;0,60 kgf/cm²;1,50 kgf/cm²;1,00 Kgf/cm²;1,00 Kgf/cm²;1,32 Kgf/cm²;2,83 Kgf/cm²;ÁLCOOL;ÁGUA;2,085 m³;1,14 m³;;.-x-.;;A;5;III;SIM ;NÃO;SIM;N / A;SIM;10/03/2027;10/03/2030;0010/25-TH;;;;
47;DESTILARIA (Aparelho 300.000);TROCADOR DE CALOR K1;TC-K01;00035/25;1998;DEDINI S/A _ PIRACICABA-SP (CODISTIL);Dedini;ASME - Seção VIII - Divisão 1;Edição 1998;1,00 Kgf/cm²;3,70 Kgf/cm²;1,00 kgf/cm²;3,70 Kgf/cm²;1,00 Kgf/cm²;3,60 Kgf/cm²;1,90 Kgf/cm²;2,50 Kgf/cm²;VINHAÇA;VINHO;0,977 m³;0,240 m³;MAN-403           MAN-404;.-x-.;PSV - 0468;D;5;V;SIM ;2 - TUB - 00120;MC-210790-01620;297FM-023-02-2020;SIM;25/03/2029;27/01/2035;RT=00083/25;Adequar a Placa de Identificação – Item 13.5.1.3 da NR-13.;;Executar a calibração e gerar certificados do dispositivo de segurança - Item 13.5.1.5 (e) da NR-13.;
48;DESTILARIA (Aparelho 300.000);TROCADOR DE CALOR K2;TC-K02;00035/25;1998;DEDINI S/A _ PIRACICABA-SP (CODISTIL);Dedini;ASME - Seção VIII - Divisão 1;Edição 1998;1,00 Kgf/cm²;3,70 Kgf/cm²;1,00 kgf/cm²;3,70 Kgf/cm²;1,00 Kgf/cm²;3,60 Kgf/cm²;1,90 Kgf/cm²;2,50 Kgf/cm²;VINHAÇA;VINHO;0,977 m³;0,240 m³;MAN-403           MAN-404;.-x-.;PSV - 0468;D;5;V;SIM ;2 - TUB - 00120;MC-210790-01620;297FM-023-02-2020;SIM;25/03/2029;27/01/2035;RT=00083/25;Adequar a Placa de Identificação – Item 13.5.1.3 da NR-13.;;Executar a calibração e gerar certificados do dispositivo de segurança - Item 13.5.1.5 (e) da NR-13.;
49;DESTILARIA (Aparelho 300.000);TROCADOR DE CALOR K3;TC-K03;00035/25;1998;DEDINI S/A _ PIRACICABA-SP (CODISTIL);Dedini;ASME - Seção VIII - Divisão 1;Edição 1998;1,00 Kgf/cm²;3,70 Kgf/cm²;1,00 kgf/cm²;3,70 Kgf/cm²;1,00 Kgf/cm²;3,60 Kgf/cm²;1,90 Kgf/cm²;2,50 Kgf/cm²;VINHAÇA;VINHO;0,977 m³;0,240 m³;MAN-403           MAN-404;.-x-.;PSV - 0468;D;5;V;SIM ;2 - TUB - 00120;MC-210790-01620;297FM-023-02-2020;SIM;25/03/2029;27/01/2035;RT=00083/25;Adequar a Placa de Identificação – Item 13.5.1.3 da NR-13.;;Executar a calibração e gerar certificados do dispositivo de segurança - Item 13.5.1.5 (e) da NR-13.;
50;DESTILARIA (Aparelho 300.000);TROCADOR DE CALOR K4;TC-K04;00035/25;1998;DEDINI S/A _ PIRACICABA-SP (CODISTIL);Dedini;ASME - Seção VIII - Divisão 1;Edição 1998;1,00 Kgf/cm²;3,70 Kgf/cm²;1,00 kgf/cm²;3,70 Kgf/cm²;1,00 Kgf/cm²;3,60 Kgf/cm²;1,90 Kgf/cm²;2,50 Kgf/cm²;VINHAÇA;VINHO;0,977 m³;0,240 m³;MAN-403           MAN-404;.-x-.;PSV - 0468;D;5;V;SIM ;2 - TUB - 00120;MC-210790-01620;297FM-023-02-2020;SIM;25/03/2029;27/01/2035;RT=00083/25;OK;;Executar a calibração e gerar certificados do dispositivo de segurança - Item 13.5.1.5 (e) da NR-13.;
51;DESTILARIA (Aparelho 300.000);TROCADOR DE CALOR K5;TC-K05;00035/25;1998;DEDINI S/A _ PIRACICABA-SP (CODISTIL);Dedini;ASME - Seção VIII - Divisão 1;Edição 1998;1,00 Kgf/cm²;3,70 Kgf/cm²;1,00 kgf/cm²;3,70 Kgf/cm²;1,00 Kgf/cm²;3,60 Kgf/cm²;1,90 Kgf/cm²;2,50 Kgf/cm²;VINHAÇA;VINHO;0,977 m³;0,240 m³;MAN-403           MAN-404;.-x-.;PSV - 0468;D;5;V;SIM ;2 - TUB - 00120;MC-210790-01620;297FM-023-02-2020;SIM;25/03/2029;27/01/2035;RT=00083/25;Adequar a Placa de Identificação – Item 13.5.1.3 da NR-13.;;Executar a calibração e gerar certificados do dispositivo de segurança - Item 13.5.1.5 (e) da NR-13.;
52;DESTILARIA (Aparelho 300.000);TROCADOR DE CALOR K6;TC-K06;00035/25;1998;DEDINI S/A _ PIRACICABA-SP (CODISTIL);Dedini;ASME - Seção VIII - Divisão 1;Edição 1998;1,00 Kgf/cm²;3,70 Kgf/cm²;1,00 kgf/cm²;3,70 Kgf/cm²;1,00 Kgf/cm²;3,60 Kgf/cm²;1,90 Kgf/cm²;2,50 Kgf/cm²;VINHAÇA;VINHO;0,977 m³;0,240 m³;MAN-403           MAN-404;.-x-.;PSV - 0468;D;5;V;SIM ;2 - TUB - 00120;MC-210790-01620;297FM-023-02-2020;SIM;25/03/2029;27/01/2035;RT=00083/25;OK;;Executar a calibração e gerar certificados do dispositivo de segurança - Item 13.5.1.5 (e) da NR-13.;
53;DESTILARIA (Aparelho 300.000);VAPORIZADOR TC - 304;AVC01;00274/24;2001;JW Indústria e Caomércio de Equipamentos em Aço Inoxidável Ltda / Sertãozinho-AP;JW;ASME - Seção VIII - Divisão 1;Edição 2001;0,80 kgf/cm²;11,00 kgf/cm²;0,80 kgf/cm²;11,00 kgf/cm²;0,40 Kgf/cm²;10,00 Kgf/cm²;1,49 Kgf/cm²;14,30 Kgf/cm²;VAPOR DIRETO; MONOETILENOGLICOL (MEG);2,42 m³;1,93 m³;;.-x-.;;A;4;III;SIM ;NÃO;SIM;N / A;SIM;10/03/2027;10/03/2030;FMGOIGOI042 / 24 - TH;;;Instalar iluminação de emergência – item 13.5.2.2.e da NR-13;
54;DESTILARIA (Aparelho 300.000);VAPORIZADOR TC - 305;VAL01;00278/24;2001;JW Indústria e Caomércio de Equipamentos em Aço Inoxidável Ltda / Sertãozinho-AP;JW;ASME - Seção VIII - Divisão 1;Edição 2001;0,80 kgf/cm²;11,00 kgf/cm²;0,80 kgf/cm²;11,00 kgf/cm²;0,70 Kgf/cm²;0,43 Kgf/cm²;1,30 Kgf/cm²;1,39 Kgf/cm²;VAPOR;ETANOL;2,33 m³;1,93 m³;;.-x-.;;A;5;III;SIM ;NÃO;SIM;N / A;SIM;11/03/2027;11/03/2030;FMGOIGOI009 / 24 - TH;OK;;Instalar iluminação de emergência – item 13.5.2.2.e da NR-13 / Identificar o TAG dispositivo de segurança e Anexar o Certificado  – item 13.5.1.2 (a) da NR-13.;
55;DESTILARIA (Aparelho 300.000);VAPORIZADOR TC - 403;VCR01;00275/24;2001;JW Indústria e Caomércio de Equipamentos em Aço Inoxidável Ltda / Sertãozinho-AP;JW;ASME - Seção VIII - Divisão 1;Edição 2001;0,80 kgf/cm²;11,00 kgf/cm²;0,80 kgf/cm²;11,00 kgf/cm²;10,00 Kgf/cm²;10,00 Kgf/cm²;1,49 Kgf/cm²;14,30 Kgf/cm²;VAPOR DIRETO; MONOETILENOGLICOL (MEG);2,42 m³;1,93 m³;;.-x-.;;A;4;III;SIM ;NÃO;SIM;N / A;SIM;10/03/2027;10/03/2030;FMGOIGOI010 / 24 - TH;;;Instalar dispositivo de segurança e Anexar o Certificado  – item 13.5.1.2 (a) da NR-13 / Instalar iluminação de emergência – item 13.5.2.2.e da NR-13;
56;DESTILARIA (Aparelho 300.000);TANQUE DE CONDENSADO;TCD02;21-0790.008-31-126932-RIP;1990;Aberko Equipamentos Industriais Ltda.;Aberko;ASME - Seção VIII - Divisão 1;Edição 2017;10,00 kgf/cm²;N / A;10,00 kgf/cm²;N / A;1,50 kgf/cm²;N / A;15,00 kgf/cm²;N / A;ÁGUA CONDENSADA;N / A;1,0 m³;N / A;;.-x-.;;D;5;V;;;;;;15/04/2026;15/04/2026;;;;;
57;DESTILARIA (Aparelho 500.000);BALÃO DE RETROGRADAÇÃO ;BRG01;00250/24     00017/25;2007;Dedini S/A Indústrias de Base – Piracicaba/SP (CODISTIL);Dedini;ASME - Seção VIII - Divisão 1;Edição 2004, Adenda 2005;1,10 Kgf/cm²;N / A;1,62 kgf/cm²;N / A;0,70 Kgf/cm²;N / A;1,44 Kgf/cm²;N / A;SOLUÇÃO HIDROALCOÓLICA;N / A;1,0 m³;N / A;MAN-350;.-x-.;PSV-C-B-B1;A;5;III;SIM ;2 - TUS - 00182;MC-210790-02728;N / A;SIM;22/03/2027;30/01/2031;SIM;;OK;Executar a calibração e gerar certificados do dispositivo de segurança - Item 13.5.1.5 (e) da NR-13.;
58;DESTILARIA (Aparelho 500.000);COLUNA CL - 200 D;COL10;00251/24     00015/25;2007;Dedini S/A Indústrias de Base – Piracicaba/SP (CODISTIL);Dedini;ASME - Seção VIII - Divisão 1;Edição 2004, Adenda 2005;0,60 Kgf/cm²;N / A;"1,12 kgf/cm²
";N / A;0,20 Kgf/cm²;N / A;0,82 Kgf/cm²;N / A;ÁLCOOL DE SEGUNDA;N / A;6,98 m³;N / A;MAN-348      MAN-349;.-x-.;PSV-C.A-A1-D;A;5;III;SIM ;1 - TXF - 00031;MC-210790-02729;N / A;SIM;22/03/2027;28/01/2028;Efetuar teste hidrostática na próxima intervenção - Item 13.5.4.3.1 da NR13;;OK;Executar a calibração e gerar certificados do dispositivo de segurança - Item 13.5.1.5 (e) da NR-13.;
59;DESTILARIA (Aparelho 500.000);COLUNA CL-200 A-A1;COL08;00305/24     00013/25;2007;Dedini S/A Indústrias de Base – Piracicaba/SP (CODISTIL);Dedini;ASME - Seção VIII - Divisão 1;Edição 2004 (Adotado);1,20 kgf/cm²;N / A;1,20 kgf/cm²;N / A;0,50 Kgf/cm²;N / A;0,78 Kgf/cm²;N / A; ÁLCOOL HIDRATADO;N / A;232,574 m³;N / A;MAN - 342;.-x-.;;A;3;II;SIM ;1 - TEV - 00259;SIM;N / A;SIM;20/03/2026;10/02/2029;Efetuar teste hidrostática na próxima intervenção - Item 13.5.4.3.1 da NR13;;;"Executar a calibração e gerar certificados do dispositivo de segurança - Item 13.5.1.5 (e) da NR-13.
";
60;DESTILARIA (Aparelho 500.000);COLUNA CL-200 B-B1;COL09;00243/24;2007;Dedini S/A Indústrias de Base – Piracicaba/SP (CODISTIL);Dedini;ASME - Seção VIII - Divisão 1;Edição 2004, Adenda 2005;0,74 kgf/cm²;N / A;0,74 kgf/cm²;N / A;0,45 Kgf/cm²;N / A;0,78 Kgf/cm²;N / A; ÁLCOOL HIDRATADO;N / A;266,55 m³;N / A;;.-x-.;;A;3;II;SIM ;1 - TEV - 00237;SIM;N / A;SIM;20/03/2026;20/03/2028;;;OK;;
61;DESTILARIA (Aparelho 500.000);CONDENSADOR E;CAH10;00024/25;2007;Dedini S/A Indústrias de Base – Piracicaba/SP (CODISTIL);Dedini;ASME - Seção VIII - Divisão 1;Edição 2004, Adenda 2005;0,60 kgf/cm²;3,70 kgf/cm²;0,60 kgf/cm²;3,70 kgf/cm²;0,43 Kgf/cm²;3,60 Kgf/cm²;1,32 Kgf/cm²;4,81 Kgf/cm²;VAPOR ALCOÓLICO;VINHO;8,05 m³;3,95 m³;MAN-360       MAN-361       MAN-362;.-x-.;PSV-C.A-A1-D;A;5;III;SIM ;1 - TWI - 00053;SIM;N / A;SIM;21/03/2027;15/01/2031;SIM;;OK;Executar a calibração e gerar certificados do dispositivo de segurança - Item 13.5.1.5 (e) da NR-13.;
62;DESTILARIA (Aparelho 500.000);CONDENSADOR E1;CAH09;00025/25;2007;Dedini S/A Indústrias de Base – Piracicaba/SP (CODISTIL);Dedini;ASME - Seção VIII - Divisão 1;Edição 2004, Adenda 2005;0,50 kgf/cm²;1,00 kgf/cm²;0,50 kgf/cm²;1,00 kgf/cm²;0,30 Kgf/cm²;0,25 Kgf/cm²;0,65 Kgf/cm²;1,30 Kgf/cm²;HIDROALCOÓLICA;ÁGUA;4,80 m³;2,70  m³;MAN-363       MAN-364       MAN-365;.-x-.;PSV-C.A-A1-D;A;5;III;SIM ;1 - TEV - 00192;MC-21.0790-02696;N / A;SIM;21/03/2027;15/01/2031;SIM;;OK;Executar a calibração e gerar certificados do dispositivo de segurança - Item 13.5.1.5 (e) da NR-13.;
63;DESTILARIA (Aparelho 500.000);CONDENSADOR E2;CAH08;00026/25;2007;Dedini S/A Indústrias de Base – Piracicaba/SP (CODISTIL);Dedini;ASME - Seção VIII - Divisão 1;Edição 2004, Adenda 2005;0,60 kgf/cm²;1,50 kgf/cm²;0,60 kgf/cm²;1,50 kgf/cm²;0,33 Kgf/cm²;1,03 Kgf/cm²;0,78 Kgf/cm²;1,95 Kgf/cm²;ETANOL;ÁGUA;2,62 m³;1,53 m³;MAN - 410      MAN - 412;.-x-.;PSV-C.A-A1-D;A;5;III;SIM ;1 - TEV - 00199;SIM;N / A;SIM;21/03/2027;16/01/2031;SIM;;OK;Executar a calibração e gerar certificados do dispositivo de segurança - Item 13.5.1.5 (e) da NR-13.;
64;DESTILARIA (Aparelho 500.000);CONDENSADOR R ;CAH06;00248/24;2007;Dedini S/A Indústrias de Base – Piracicaba/SP (CODISTIL);Dedini;ASME - Seção VIII - Divisão 1;Edição 2004, Adenda 2005;0,5 kgf/cm²;1 kgf/cm²;0,50 kgf/cm²;1,00 kgf/cm²;0,38 Kgf/cm²;1,03 Kgf/cm²;0,78 Kgf/cm²;1,95 Kgf/cm²;VAPOR ALCOÓLICO;ÁGUA;1,22 m ³;;;.-x-.;;A;5;III;SIM ;2 - TEV - 00205;MC-21.0790-02698;284FM-001-03-2021;SIM;21/03/2027;21/03/2027;SIM;;OK;Executar a calibração e gerar certificados do dispositivo de segurança - Item 13.5.1.5 (e) da NR-13.;
65;DESTILARIA (Aparelho 500.000);CONDENSADOR R1;CAH07;00023/25;2007;Dedini S/A Indústrias de Base – Piracicaba/SP (CODISTIL);Dedini;ASME - Seção VIII - Divisão 1;Edição 2004, Adenda 2005;0,60 kgf/cm²;1,00 kgf/cm²;0,60 kgf/cm²;1,00 kgf/cm²;0,30 Kgf/cm²;0,25 Kgf/cm²;0,78 Kgf/cm²;1,30 Kgf/cm²;VAPOR ALCOÓLICO;ÁGUA;0,786 m³;0,324 m³;MAN-356       MAN-357;.-x-.;PSV-C.A-A1-D;A;5;III;SIM ;1 - TEV - 00211;MC-21.0790-02699;N / A;SIM;22/03/2027;15/01/2031;SIM;;OK;Executar a calibração e gerar certificados do dispositivo de segurança - Item 13.5.1.5 (e) da NR-13.;
66;DESTILARIA (Aparelho 500.000);REGENERADOR DE CALOR AKV07;AKV07;00909/24;2007;Dedini S/A Indústrias de Base – Piracicaba/SP (CODISTIL);Dedini;ASME - Seção VIII - Divisão 1;Edição 2004, Adenda 2005;1,00 kgf/cm²;3,50 kgf/cm²;3,07 kgf/cm²;3,86 kgf/cm²;0,70 Kgf/cm²;3,00 Kgf/cm²;1,30 Kgf/cm²;4,55 Kgf/cm²;VINHAÇA;VINHO;1,668 m³;0,480 m³ ;;.-x-.;;A;5;V;SIM ;2 - TUB - 00120;MC-210790-02700;N / A;SIM;11/11/2027;09/06/2031;0007/25-TH;Instalar a Placa de Identificação – item 13.5.1.3. da NR13.;Adequar a Categoria – 13.5.1.4. da NR-13.;Identificar o TAG da Válvula de Segurança.;
67;DESTILARIA (Aparelho 500.000);REGENERADOR DE CALOR AKV08;AKV08;00910/24;2007;Dedini S/A Indústrias de Base – Piracicaba/SP (CODISTIL);Dedini;ASME - Seção VIII - Divisão 1;Edição 2004, Adenda 2005;1,00 kgf/cm²;3,50 kgf/cm²;3,07 kgf/cm²;3,86 kgf/cm²;0,70 Kgf/cm²;3,00 Kgf/cm²;1,30 Kgf/cm²;4,55 Kgf/cm²;VINHAÇA;VINHO;1,668 m³;0,480 m³ ;;.-x-.;;A;5;V;SIM ;2 - TUB - 00120;MC-210790-02701;N / A;SIM;25/11/2027;09/06/2031;0007/25-TH;Instalar a Placa de Identificação – item 13.5.1.3. da NR13.;Adequar a Categoria – 13.5.1.4. da NR-13.;Identificar o TAG da Válvula de Segurança.;
68;DESTILARIA (Aparelho 500.000);REGENERADOR DE CALOR AKV09;AKV09;00911/24;2007;Dedini S/A Indústrias de Base – Piracicaba/SP (CODISTIL);Dedini;ASME - Seção VIII - Divisão 1;Edição 2004, Adenda 2005;1,00 kgf/cm²;3,50 kgf/cm²;3,07 kgf/cm²;3,86 kgf/cm²;0,70 Kgf/cm²;3,00 Kgf/cm²;1,30 Kgf/cm²;4,55 Kgf/cm²;VINHAÇA;VINHO;1,668 m³;0,480 m³ ;;.-x-.;;A;5;V;SIM ;2 - TUB - 00120;MC-210790-02702;N / A;SIM;25/11/2027;09/06/2031;0007/25-TH;Instalar a Placa de Identificação – item 13.5.1.3. da NR13.;Adequar a Categoria – 13.5.1.4. da NR-13.;Identificar o TAG da Válvula de Segurança.;
69;DESTILARIA (Aparelho 500.000);REGENERADOR DE CALOR AKV10;AKV10;00912/24;2007;Dedini S/A Indústrias de Base – Piracicaba/SP (CODISTIL);Dedini;ASME - Seção VIII - Divisão 1;Edição 2004, Adenda 2005;1,00 kgf/cm²;3,50 kgf/cm²;3,07 kgf/cm²;3,86 kgf/cm²;0,70 Kgf/cm²;3,00 Kgf/cm²;1,30 Kgf/cm²;4,55 Kgf/cm²;VINHAÇA;VINHO;1,668 m³;0,480 m³ ;;.-x-.;;A;5;V;SIM ;2 - TUB - 00120;MC-210790-02703;N / A;SIM;26/11/2027;09/06/2031;0007/25-TH;Instalar a Placa de Identificação – item 13.5.1.3. da NR13.;Adequar a Categoria – 13.5.1.4. da NR-13.;Identificar o TAG da Válvula de Segurança.;
70;DESTILARIA (Aparelho 500.000);REGENERADOR DE CALOR AKV11;AKV11;00913/24;2007;Dedini S/A Indústrias de Base – Piracicaba/SP (CODISTIL);Dedini;ASME - Seção VIII - Divisão 1;Edição 2004, Adenda 2005;1,00 kgf/cm²;3,50 kgf/cm²;3,07 kgf/cm²;3,86 kgf/cm²;0,70 Kgf/cm²;3,00 Kgf/cm²;1,30 Kgf/cm²;4,55 Kgf/cm²;VINHAÇA;VINHO;1,668 m³;0,480 m³ ;;.-x-.;;A;5;V;SIM ;2 - TUB - 00120;MC-210790-02704;N / A;SIM;26/11/2027;09/06/2031;0007/25-TH;Instalar a Placa de Identificação – item 13.5.1.3. da NR13.;Adequar a Categoria – 13.5.1.4. da NR-13.;Identificar o TAG da Válvula de Segurança.;
71;DESTILARIA (Aparelho 500.000);REGENERADOR DE CALOR AKV12;AKV12;00914/24;2007;Dedini S/A Indústrias de Base – Piracicaba/SP (CODISTIL);Dedini;ASME - Seção VIII - Divisão 1;Edição 2004, Adenda 2005;1,00 kgf/cm²;3,50 kgf/cm²;3,07 kgf/cm²;3,86 kgf/cm²;0,70 Kgf/cm²;3,00 Kgf/cm²;1,30 Kgf/cm²;4,55 Kgf/cm²;VINHAÇA;VINHO;1,668 m³;0,480 m³ ;;.-x-.;;A;5;V;SIM ;2 - TUB - 00120;MC-210790-02705;N / A;SIM;27/11/2027;09/06/2031;0007/25-TH;Instalar a Placa de Identificação – item 13.5.1.3. da NR13.;Adequar a Categoria – 13.5.1.4. da NR-13.;Identificar o TAG da Válvula de Segurança.;
72;DESTILARIA (Aparelho 500.000);REGENERADOR DE CALOR AKV13;AKV13;00915/24;2007;Dedini S/A Indústrias de Base – Piracicaba/SP (CODISTIL);Dedini;ASME - Seção VIII - Divisão 1;Edição 2004, Adenda 2005;1,00 kgf/cm²;3,50 kgf/cm²;3,07 kgf/cm²;3,86 kgf/cm²;0,70 Kgf/cm²;3,00 Kgf/cm²;1,30 Kgf/cm²;4,55 Kgf/cm²;VINHAÇA;VINHO;1,668 m³;0,480 m³ ;;.-x-.;;A;5;V;SIM ;2 - TUB - 00120;MC-210790-02706;N / A;SIM;27/11/2027;09/06/2031;0007/25-TH;Instalar a Placa de Identificação – item 13.5.1.3. da NR13.;Adequar a Categoria – 13.5.1.4. da NR-13.;Identificar o TAG da Válvula de Segurança.;
73;DESTILARIA (Aparelho 500.000);REGENERADOR DE CALOR AKV14;AKV14;00916/24;2007;Dedini S/A Indústrias de Base – Piracicaba/SP (CODISTIL);Dedini;ASME - Seção VIII - Divisão 1;Edição 2004, Adenda 2005;1,00 kgf/cm²;3,50 kgf/cm²;3,07 kgf/cm²;3,86 kgf/cm²;0,70 Kgf/cm²;3,00 Kgf/cm²;1,30 Kgf/cm²;4,55 Kgf/cm²;VINHAÇA;VINHO;1,668 m³;0,480 m³ ;;.-x-.;;A;5;V;SIM ;2 - TUB - 00120;MC-210790-02707;N / A;SIM;27/11/2027;09/06/2031;0007/25-TH;Instalar a Placa de Identificação – item 13.5.1.3. da NR13.;Adequar a Categoria – 13.5.1.4. da NR-13.;Identificar o TAG da Válvula de Segurança.;
74;ETA;COLUNA ANIÔNICA 01;CAN - 01;00818/24;2004;Filtrágua Equipamentos para Tratamento de Água Ltda.;Filtrágua;ASME - Seção VIII - Divisão 1;Edição 1983;3,00 Kgf/cm² ;N / A;3,00 Kgf/cm² ;N / A;2,00 Kgf/cm² ;N / A;4,50 Kgf/cm²;N / A;ÁGUA;N / A;4,42 m³;N / A;;.-x-.;;D;4;V;SIM ;A3-01-000 / 4824-2;MC.820.04.13;N / A;SIM;21/10/2029;21/10/2029;Efetuar teste hidrostática na próxima intervenção - Item 13.5.4.3.1 da NR13;Adequar a Placa de Identificação – Item 13.5.1.3 da NR-13.;Adequar a Categoria – 13.5.1.4. da NR-13. / Identificar o TAG – item 13.5.1.4. da NR-13;Identificar TAG da Válvula de Segurança;
75;ETA;COLUNA ANIÔNICA 02;CAN - 02;00819/24;2004;Filtrágua Equipamentos para Tratamento de Água Ltda.;Filtrágua;ASME - Seção VIII - Divisão 1;Edição 1983;3,00 Kgf/cm² ;N / A;3,00 Kgf/cm² ;N / A;2,00 Kgf/cm² ;N / A;4,50 Kgf/cm²;N / A;ÁGUA;N / A;4,42 m³;N / A;;.-x-.;;D;4;V;SIM ;A3-01-000 / 4824-2;MC.820.04.13;N / A;SIM;22/10/2029;22/10/2029;Efetuar teste hidrostática na próxima intervenção - Item 13.5.4.3.1 da NR13;Adequar a Placa de Identificação – Item 13.5.1.3 da NR-13.;Adequar a Categoria – 13.5.1.4. da NR-13. / Identificar o TAG – item 13.5.1.4. da NR-13; Identificar TAG da Válvula de Segurança;
76;ETA;COLUNA CATIÔNICA 01;CC - 01;00872/24;2004;Filtrágua Equipamentos para Tratamento de Água Ltda.;Filtrágua;ASME - Seção VIII - Divisão 1;Edição 1983;3,00 Kgf/cm² ;N / A;3,00 Kgf/cm² ;N / A;2,00 Kgf/cm² ;N / A;4,50 Kgf/cm² ;N / A;ÁGUA;N / A;4,99 m³;N / A;;.-x-.;;D;4;V;SIM ;A3-01-000 / 4824-2;MC.822.04.13;N / A;SIM;06/11/2029;06/11/2029;Efetuar teste hidrostática na próxima intervenção - Item 13.5.4.3.1 da NR13;Adequar a Placa de Identificação – Item 13.5.1.3 da NR-13.;;Identificar TAG válvula de segurança - Item 1.19. deste relatório.;
77;ETA;COLUNA CATIÔNICA 02;CC - 02;00837/24;2004;Filtrágua Equipamentos para Tratamento de Água Ltda.;Filtrágua;ASME - Seção VIII - Divisão 1;Edição 1983;3,00 Kgf/cm² ;N / A;3,00 Kgf/cm² ;N / A;2,00 Kgf/cm² ;N / A;4,50 Kgf/cm² ;N / A;ÁGUA;N / A;4,99 m³;N / A;;.-x-.;;D;4;V;SIM ;A3-01-000 / 4824-2;MC.823.04.13;N / A;SIM;07/11/2029;07/11/2029;Efetuar teste hidrostática na próxima intervenção - Item 13.5.4.3.1 da NR13;Adequar a Placa de Identificação – Item 13.5.1.3 da NR-13.;;Efetuar a calibração do dispositivo de pressão - Item 13.5.1.5.e da NR-13 / Identificar TAG da Válvula de Segurança / Confirmar a espessura nominal da região dos pontos PT-01, BV-01 e BV-02 do Anexo de Medições de Espessuras;
78;ETA;FILTRO DE CARVÃO ATIVO 01;FC - 01;00820/24;2004;Filtrágua Equipamentos para Tratamento de Água Ltda.;Filtrágua;ASME - Seção VIII - Divisão 1;Edição 1983;3,00 Kgf/cm² ;N / A;3,00 Kgf/cm² ;N / A;3,00 Kgf/cm² ;N / A;4,50 Kgf/cm² ;N / A;ÁGUA;N / A;5,18 m³;N / A;;.-x-.;;D;4;V;SIM ;A3-01-000 / 4824-2;MC.824.04.13;N / A;SIM;23/10/2029;23/10/2029;Efetuar teste hidrostática na próxima intervenção - Item 13.5.4.3.1 da NR13;Adequar a Placa de Identificação – Item 13.5.1.3 da NR-13.;;Identificar TAG válvula de segurança - Item 1.19. deste relatório.;
79;ETA;FILTRO DE CARVÃO ATIVO 02;FC - 02;00821/24;2004;Filtrágua Equipamentos para Tratamento de Água Ltda.;Filtrágua;ASME - Seção VIII - Divisão 1;Edição 1983;3,00 Kgf/cm² ;N / A;3,00 Kgf/cm² ;N / A;3,00 Kgf/cm² ;N / A;4,50 Kgf/cm² ;N / A;ÁGUA;N / A;5,18 m³;N / A;;.-x-.;;D;4;V;SIM ;A3-01-000 / 4824-2;MC.825.04.13;N / A;SIM;24/10/2029;24/10/2029;Efetuar teste hidrostática na próxima intervenção - Item 13.5.4.3.1 da NR13;Adequar a Placa de Identificação – Item 13.5.1.3 da NR-13.;;Identificar TAG válvula de segurança - Item 1.19. deste relatório.;
80;ETA;MIX BED 01;MB - 01;00822/24;2004;Filtrágua Equipamentos para Tratamento de Água Ltda.;Filtrágua;ASME - Seção VIII - Divisão 1;Edição 1983;3,00 Kgf/cm² ;N / A;3,00 Kgf/cm² ;N / A;2,00 Kgf/cm² ;N / A;4,50 Kgf/cm² ;N / A;ÁGUA;N / A;3,63 m³;N / A;;.-x-.;;D;4;V;SIM ;A3-01-000 / 4824-2;MC.828.04.13;N / A;SIM;29/10/2029;29/10/2029;Efetuar teste hidrostática na próxima intervenção - Item 13.5.4.3.1 da NR13;Adequar a Placa de Identificação – Item 13.5.1.3 da NR-13.;;Identificar TAG válvula de segurança - Item 1.19. deste relatório.;
81;ETA;MIX BED 02;MB - 02;00823/24;2004;Filtrágua Equipamentos para Tratamento de Água Ltda.;Filtrágua;ASME - Seção VIII - Divisão 1;Edição 1983;3,00 Kgf/cm² ;N / A;3,00 Kgf/cm² ;N / A;2,00 Kgf/cm² ;N / A;4,50 Kgf/cm² ;N / A;ÁGUA;N / A;3,63 m³;N / A;;.-x-.;;D;4;V;SIM ;A3-01-000 / 4824-2;MC.829.04.13;N / A;SIM;05/11/2029;05/11/2029;Efetuar teste hidrostática na próxima intervenção - Item 13.5.4.3.1 da NR13;Adequar a Placa de Identificação – Item 13.5.1.3 da NR-13.;;Identificar TAG válvula de segurança - Item 1.19. deste relatório.;
82;EVAPORAÇÃO;BALÃO SEPARADOR DE ARRASTE PFD 01;SAP03;;2024;Sucrana Assessoria e Tecnologia S/AS - Jaboticabal-SP;Sucrana;ASME - Seção VIII - Divisão 1;Edição 2013;2,00 kgf/cm²;N / A;2,00 kgf/cm²;N / A;0,90 Kgf/cm²;N / A;1,43 Kgf/cm²;N / A;VAPOR VEGETAL;N / A;21,70 m³;N / A;;;;C;3;III;;SIM;MC-006-24-M-A04-001;N / A;SIM;05/03/2026;05/03/2026;;;;NOVO (2024);
83;EVAPORAÇÃO;BALÃO SEPARADOR DE ARRASTE PFD 02;SAP04;00333/24;1994;CODISTIL S/A _ PIRACICABA-SP;CODISTIL;ASME - Seção VIII - Divisão 1;Edição 1992;3,00 kgf/cm²;N / A;3,00 kgf/cm²;N / A;0,90 Kgf/cm²;N / A;3,90 Kgf/cm²;N / A;VAPOR VEGETAL;N / A;18.000 m³;N / A;;.-x-.;;C;3;III;SIM ;NÃO;NÃO;N / A;SIM;01/04/2027;01/04/2030;Efetuar teste hidrostática na próxima intervenção - Item 13.5.4.3.1 da NR13;INEXISTENTE;;;
84;EVAPORAÇÃO;BALÃO SEPARADOR DE ARRASTE PFD 03;SAP06;00334/24;1994;CODISTIL S/A _ PIRACICABA-SP;CODISTIL;ASME - Seção VIII - Divisão 1;Edição 1992;3,00 kgf/cm²;N / A;3,00 kgf/cm²;N / A;0,90 Kgf/cm²;N / A;3,90 Kgf/cm²;N / A;VAPOR VEGETAL;N / A;18.000 m³;N / A;;.-x-.;;C;3;III;SIM ;NÃO;NÃO;N / A;SIM;01/04/2027;01/04/2030;Efetuar teste hidrostática na próxima intervenção - Item 13.5.4.3.1 da NR13;INEXISTENTE;;Reparar o isolamento térmico – item 1.4. deste relatório / Recalibrar o dispositivo de segurança – item 1.15. deste relatório.;
85;EVAPORAÇÃO;BALÃO SEPARADOR DE ARRASTE PFD 04;SAP07;00335/24;1994;CODISTIL S/A _ PIRACICABA-SP;CODISTIL;ASME - Seção VIII - Divisão 1;Edição 1992;3,00 kgf/cm²;N / A;3,00 kgf/cm²;N / A;0,90 Kgf/cm²;N / A;3,90 Kgf/cm²;N / A;VAPOR VEGETAL;N / A;18.000 m³;N / A;;.-x-.;;C;3;III;SIM ;NÃO;NÃO;N / A;SIM;01/04/2027;01/04/2030;Efetuar teste hidrostática na próxima intervenção - Item 13.5.4.3.1 da NR13;INEXISTENTE;;Reparar o isolamento térmico – item 1.4. deste relatório / Recalibrar o dispositivo de segurança – item 1.15. deste relatório.;
86;EVAPORAÇÃO;CAIXA DE EVAPORAÇÃO ROBERT 01;CEV01;00326/24;1994;CODISTIL S/A _ PIRACICABA-SP;CODISTIL;ASME - Seção VIII - Divisão 1;Edição 1992;- 0.33 a 2.00 Kgf/cm²;1.00 Kgf/cm²;- 0.33 a 2.00 Kgf/cm²;1.00 Kgf/cm²;0,80 Kgf/cm²;0,90 Kgf/cm²;2.60 Kgf/cm²;1.30 Kgf/cm²;VAPOR VEGETAL;CALDO / VAPOR VEGETAL;133,350 m³;16,650 m³;;.-x-.;;C;3;III;SIM ;NÃO;SIM;295FM-023-02-2020;SIM;26/03/2027;26/03/2030;FMGOIGOI034 / 24 - TH;Adequar a Placa de Identificação – Item 13.5.1.3 da NR-13.;;Reparar o isolamento térmico – itens 1.4. e 1.6. deste relatório / Identificar o TAG da Válvula de Segurança;
87;EVAPORAÇÃO;CAIXA DE EVAPORAÇÃO ROBERT 02;CEV02;00327/24;1994;CODISTIL S/A _ PIRACICABA-SP;CODISTIL;ASME - Seção VIII - Divisão 1;Edição 2013; - 0,50 kgf/cm²;0,50 kgf/cm²; - 0,50 kgf/cm²;0,50 kgf/cm²;- 0,32 Kgf/cm²;0,3 Kgf/cm²;N / A;0,65 Kgf/cm²;Vapor Vegetal;CALDO / VAPOR VEGETAL;86,290 m³;8,460 m³;;.-x-.;;C;3;III;SIM ;NÃO;SIM;296FM-023-02-2020;SIM;27/03/2027;27/03/2030;FMGOIGOI035 / 24 - TH;;;Identificar o TAG da Válvula de Segurança;
88;EVAPORAÇÃO;CAIXA DE EVAPORAÇÃO ROBERT 03;CEV03;00324/24;1994;CODISTIL S/A _ PIRACICABA-SP;CODISTIL;ASME - Seção VIII - Divisão 1;Edição 2013; - 0,50 kgf/cm²;0,50 kgf/cm²; - 0,50 kgf/cm²;0,50 kgf/cm²; - 0,32 kgf/cm²;0,30 kgf/cm²;N / A;0,65 kgf/cm²;Vapor Vegetal;CALDO / VAPOR VEGETAL;86,290 m³;8,460 m³;;.-x-.;;C;3;III;SIM ;NÃO;SIM;N / A;SIM;26/03/2027;26/03/2030;FMGOIGOI036 / 24 - TH;;;Identificar o TAG e calibrar a Válvula de Segurança;
89;EVAPORAÇÃO;CAIXA DE EVAPORAÇÃO ROBERT 04;CEV04;00328/24;1994;CODISTIL S/A _ PIRACICABA-SP;CODISTIL;ASME - Seção VIII - Divisão 1;Edição 2013; - 0,90 kgf/cm²; - 0,50 kgf/cm²; - 0,90 kgf/cm²; - 0,50 kgf/cm²; - 0,80 kgf/cm²;- 0,32 kgf/cm²;N / A;N / A;Vapor Vegetal;CALDO / VAPOR VEGETAL;86,290 m³;8,460 m³;;.-x-.;;C;3;III;SIM ;NÃO;SIM;PAR.ABN18/02/2021-002;SIM;27/03/2029;27/03/2034;FMGOIGOI037 / 24 - TH;;;;
90;EVAPORAÇÃO;BALÃO SEPARADOR DE ARRASTE PRÉ 02;;;2024;Sucrana Assessoria e Tecnologia S/AS - Jaboticabal-SP;Sucrana;ASME - Seção VIII - Divisão 1;Edição 2013;3,00 kgf/cm²;N / A;3,00 kgf/cm²;N / A;0,70 Kgf/cm²;N / A;1,43 Kgf/cm²;N / A;VAPOR VEGETAL;N / A;21,70 m³;N / A;;;;C;3;III;;SIM;MC-006-24-M-A04-011;N / A;;05/03/2026;05/03/2026;;;;NOVO (2024);
91;EVAPORAÇÃO;BALÃO SEPARADOR DE ARRASTE PRÉ 03;;21-0790.008-31-127025-RIP;1994;;;ASME - Seção VIII - Divisão 1;Edição 2017;3,00 kgf/cm²;N / A;3,00 kgf/cm²;N / A;0,90 Kgf/cm²;N / A;3,90 Kgf/cm²;N / A;Vapor Vegetal;N / A;;;;;;C;5;V;;;;;;05/03/2026;05/03/2029;;;;;
92;EVAPORAÇÃO;CAIXA EVAPORAÇÃO PFD 01;CEC01;00330/24;1994;CODISTIL S/A _ PIRACICABA-SP;CODISTIL;ASME - Seção VIII - Divisão 1;Edição 1989 (Adotado);- 0,85 a 2,00 Kgf/cm²;2,00 Kgf/cm²; 2,00 kgf/cm²; 2,00 kgf/cm²;0,80 Kgf/cm²;- 0,20 Kgf/cm²;2,60 Kgf/cm;2,60 Kgf/cm;VAPOR;CALDO;66,304 m³;14,028 m³;;.-x-.;;C;3;III;SIM ;NÃO;JECEL                           MCV-JC-1107/2020 ;PAR 018/21 Rev. 1;SIM;31/03/2027;31/03/2030;0008/25-TH;Adequar a Placa de Identificação – Item 13.5.1.3 da NR-13.;Identificar o TAG – item 13.5.1.4. da NR-13;Reparar o isolamento térmico – item 1.4. deste relatório;
93;EVAPORAÇÃO;CAIXA EVAPORAÇÃO PFD 02;CEC02;01233/24;1994;CODISTIL S/A _ PIRACICABA-SP;CODISTIL;ASME - Seção VIII - Divisão 1;Edição 1992;2,00 Kgf/cm²; - 0,85 Kgf/cm²;2,00 Kgf/cm²; - 0,85 Kgf/cm²;0,80 Kgf/cm²;- 0,20 Kgf/cm²;2,60 Kgf/cm²;2,60 Kgf/cm²;VAPOR;CALDO;60,721 m³;18,036 m³;MAN-145        MAN-043;TER-017;;C;3;III;SIM ;NÃO;MC-210790-01326;PAR-210790-106258;SIM;04/12/2027;04/12/2027;SIM;Adequar a Placa de Identificação – Item 13.5.1.3 da NR-13.;;Executar a calibração e gerar certificados do dispositivo de segurança - Item 13.5.1.5 (e) da NR-13 / Reparar o isolamento térmico - Item 1.4. deste relatório.;
94;EVAPORAÇÃO;CAIXA EVAPORAÇÃO PFD 03;CEC03;01233/24;2021;ORCA Industrial / SUCRANA;ORCA;ASME - Seção VIII - Divisão 1;Edição 2013;Vácuo Absoluto;Vácuo Absoluto;Vácuo Absoluto;Vácuo Absoluto;0,41 Kgf/cm²;0,0034 Kgf/cm²;1,43 Kgf/cm²;1,43 Kgf/cm²;XAROPE;VAPOR;60,721 m³;18,036 m³;MAN-007       MVAC-010;TER-016;;C;3;III;SIM ;NÃO;JECEL                           MCV-JC-1109/2020 ;293FM-023-02-2020;SIM;04/12/2027;04/12/2027;Efetuar teste hidrostática na próxima intervenção - Item 13.5.4.3.1 da NR13;Adequar a Placa de Identificação – Item 13.5.1.3 da NR-13.;;Executar a calibração e gerar certificados do dispositivo de segurança - Item 13.5.1.5 (e) da NR-13 / Reparar o isolamento térmico - Item 1.4. deste relatório.;
95;EVAPORAÇÃO;CAIXA EVAPORAÇÃO PFD 04;CEC04;01239/24;2020;ORCA Industrial / SUCRANA Assessoria e Tecnologia S/C Ltda.;ORCA;ASME - Seção VIII - Divisão 1;Edição 2013;Vácuo Absoluto;Vácuo Absoluto;Vácuo Absoluto;Vácuo Absoluto;0,82 Kgf/cm²;0,41 Kgf/cm²;1,43 Kgf/cm²;1,43 Kgf/cm²;VAPOR;CALDO;79,581 m³;18,036 m³;MVAC-628       VAC-014;TER-018;PSV-PDF-04-B;C;3;III;SIM ;325.08.01.06;SIM;SIM;SIM;05/12/2027;05/12/2027;Efetuar teste hidrostática na próxima intervenção - Item 13.5.4.3.1 da NR13;Adequar a Placa de Identificação – Item 13.5.1.3 da NR-13.;Identificar o TAG – item 13.5.1.4. da NR-13;Recalibrar o dispositivo de segurança - Item 1.19. deste relatório.;
96;EVAPORAÇÃO;MULTI-JATO;MJE-01;;2024;Goiasa – Goiatuba Álcool LTDA;Goiasa;ASME - Seção VIII - Divisão 1;Edição 2013;2,00 Kgf/cm² ;N / A; 2,00 kgf/cm²;N / A;1,00 Kgf/cm²;N / A;2,60 Kgf/cm²;N / A;ÁGUA;N / A;10,600 m³;N / A;;.-x-.;;D;4;V;SIM ;DE-014-24-M-A04-001;;N / A;SIM;;;Efetuar teste hidrostática na próxima intervenção - Item 13.5.4.3.1 da NR13;EQUIPAMENTO NOVO;Adequar a Categoria – 13.5.1.4. da NR-13. / Identificar o TAG – item 13.5.1.4. da NR-13;;
97;EVAPORAÇÃO;PRÉ EVAPORADOR 01;PRE01;00325/24;1988;CODISTIL S/A _ PIRACICABA-SP;CODISTIL;ASME - Seção VIII - Divisão 1;Edição 1986 (Adotado);2,00 kgf/cm²;1,50 Kgf/cm²;2,00 kgf/cm²;1,50 kgf/cm²;1,50 Kgf/cm²;0,80 Kgf/cm²;N / A;2,34 Kgf/cm²;VAPOR;CALDO;82,500 m³;21,050 m³;;.-x-.;;C;3;III;SIM ;NÃO;SIM;N / A;SIM;27/03/2027;27/03/2030;FMGOIGOI032 / 24 - TH;Adequar a Placa de Identificação – Item 13.5.1.3 da NR-13.;Adequar a Categoria – 13.5.1.4. da NR-13. / Identificar o TAG – item 13.5.1.4. da NR-13;Reparar isolamento térmico – item 1.4. deste relatório / Identificar o TAG e calibrar a Válvula de Segurança;
98;EVAPORAÇÃO;PRÉ EVAPORADOR 02;PRE02;00361/24;2010;CSJ Metalúrgia - Piracicabc/SP;CSJ;ASME - Seção VIII - Divisão 1;Edição 2010 Tema C (Adotado);2,00 Kgf/cm²;1,50 Kgf/cm²;2,00 kgf/cm²;1,50 kgf/cm²;0,80 Kgf/cm²;1,50 kgf/cm²;2,60 Kgf/cm²;1,95 Kgf/cm²;VAPOR;CALDO;156,800 m³;27,540 m³;;.-x-.;;C;3;III;SIM ;NÃO;JECEL                           MCV-JC-1104/2020;N / A;SIM;22/03/2027;22/03/2027;FMGOIGOI007 / 24 - TH;OK;Adequar a Categoria – 13.5.1.4. da NR-13. / Identificar o TAG – item 13.5.1.4. da NR-13;Efetuar pintura – item 1.11 e 1.13 deste relatório / Reparar o isolamento térmico - Item 1.4. deste relatório / Recalibrar o dispositivo de segurança - Item 1.19. deste relatório.;
99;EVAPORAÇÃO;PRÉ EVAPORADOR 03 ;PRE03;00331/24;2012;CODISTIL S/A _ PIRACICABA-SP;CODISTIL;ASME - Seção VIII - Divisão 1;Edição 2010;2,00 Kgf/cm²;1,50 kgf/cm²;2,00 Kgf/cm²;1,50 kgf/cm²;0,80 Kgf/cm²;1,50 Kgf/cm²;2,60 Kgf/cm²;1,95 kgf/cm²;CALDO;VAPOR;156,800 m³;27,540 m³;;.-x-.;;C;3;III;SIM ;NÃO;SIM;Par.abn18/02/2021-011;SIM;31/03/2027;31/03/2030;FMGOIGOI030 / 24 - TH;OK;Adequar a Categoria – 13.5.1.4. da NR-13. / Identificar o TAG – item 13.5.1.4. da NR-13;Reparar o isolamento térmico – item 1.4. deste relatório / Recalibrar o dispositivo de segurança - Item 1.19. deste relatório.;
100;EVAPORAÇÃO;PRÉ EVAPORADOR 04 ;PRE04;00336/24     00028/25;2010;CSJ Metalúrgia - Piracicabc/SP;CSJ;ASME - Seção VIII - Divisão 1;Edição 2010 Tema C (Adotado);2,00 kgf/cm²;1,50 kgf/cm²;2,00 kgf/cm²;1,50 kgf/cm²;1,50 Kgf/cm²;0,80 Kgf/cm²;2,60 Kgf/cm²;1,95 Kgf/cm²;VAPOR;CALDO;211,529 m³;41,418 m³;MAN-004       MAN-613;TER-004;;C;2;II;SIM ;NÃO;SIM;N / A;SIM;01/04/2027;06/01/2029;FMGOIGOI005 / 24 - TH;OK;;Executar a calibração e gerar certificados do dispositivo de segurança e adequar TAG - Item 13.5.1.5 (e) da NR-13.;
101;EVAPORAÇÃO;PRÉ EVAPORADOR 05 ;PRE05;00337/24     00029/25;2010;CSJ Metalúrgia - Piracicabc/SP;CSJ;ASME - Seção VIII - Divisão 1;Edição 2010 Tema C (Adotado);2,00 kgf/cm²;1,50 kgf/cm²;2,00 kgf/cm²;1,50 kgf/cm²;1,50 Kgf/cm²;0,80 Kgf/cm²;2,60 Kgf/cm²;1,95 Kgf/cm²;VAPOR;CALDO;175,129 m³;36,904 m³;MAN - 133           MAN - 616;.-x-.;;C;2;II;SIM ;NÃO;SIM;N / A;SIM;02/04/2027;06/01/2031;FMGOIGOI031 / 24 - TH;OK;;Executar a calibração e gerar certificados do dispositivo de segurança e adequar TAG - Item 13.5.1.5 (e) da NR-13.;
102;EVAPORAÇÃO;TANQUE DE CALDO PRÉ EVAPORADO;TCA-01;00338/24     00030/25;2008;Sucrana Assessoria e Tecnologia S/AS - Jaboticabal-SP;Sucrana;ASME - Seção VIII - Divisão 1;Edição 2007, Adenda 2008;1,70 kgf/cm²;N / A;1,70 kgf/cm²;N / A;0,80 Kgf/cm²;N / A;2,25 Kgf/cm²;N / A;CALDO / VAPOR ;N / A;44,170 m ³;N / A;MAN-439;.-x-.;PSV-016;C;3;III;SIM ;D4-30-ME6-056-776;SIM;N / A;SIM;02/04/2027;08/01/2031;Efetuar teste hidrostática na próxima intervenção - Item 13.5.4.3.1 da NR13;Adequar a Placa de Identificação – Item 13.5.1.3 da NR-13.;;"Executar a calibração e gerar certificados do dispositivo de segurança - Item 13.5.1.5 (e) da NR-13.
";
103;EVAPORAÇÃO;AQUECEDOR THERMOL CONJUNTO 01 VASO 01;PAT01.01;21-0790.008-31-127042-RIP;;;;ASME - Seção VIII - Divisão 1;Edição 2001;;;1,50 kgf/cm²;10,00 kgf/cm²;0,80 kgf/cm²;7,28 kgf/cm²;1,95 kgf/cm²;13,00 kgf/cm²;VAPOR;XAROPE;;;;;;C;5;V;;;;;;09/04/2026;25/08/2026;;;;;
104;EVAPORAÇÃO;AQUECEDOR THERMOL CONJUNTO 01 VASO 02;PAT01.02;;;;;ASME - Seção VIII - Divisão 1;Edição 2001;;;1,50 kgf/cm²;10,00 kgf/cm²;0,80 kgf/cm²;7,28 kgf/cm²;1,95 kgf/cm²;13,00 kgf/cm²;VAPOR;XAROPE;;;;;;C;5;V;;;;;;09/04/2026;25/08/2026;;;;;
105;EVAPORAÇÃO;AQUECEDOR THERMOL CONJUNTO 01 VASO 03;PAT01.03;;;;;ASME - Seção VIII - Divisão 1;Edição 2001;;;1,50 kgf/cm²;10,00 kgf/cm²;0,80 kgf/cm²;7,28 kgf/cm²;1,95 kgf/cm²;13,00 kgf/cm²;VAPOR;XAROPE;;;;;;C;5;V;;;;;;09/04/2026;25/08/2026;;;;;
106;EVAPORAÇÃO;AQUECEDOR THERMOL CONJUNTO 02 VASO 01;PAT02.01;;;;;ASME - Seção VIII - Divisão 1;Edição 2001;;;1,50 kgf/cm²;10,00 kgf/cm²;0,80 kgf/cm²;7,28 kgf/cm²;1,95 kgf/cm²;13,00 kgf/cm²;VAPOR;XAROPE;;;;;;C;5;V;;;;;;09/04/2026;25/08/2026;;;;;
107;EVAPORAÇÃO;AQUECEDOR THERMOL CONJUNTO 02 VASO 02;PAT02.02;;;;;ASME - Seção VIII - Divisão 1;Edição 2001;;;1,50 kgf/cm²;10,00 kgf/cm²;0,80 kgf/cm²;7,28 kgf/cm²;1,95 kgf/cm²;13,00 kgf/cm²;VAPOR;XAROPE;;;;;;C;5;V;;;;;;09/04/2026;25/08/2026;;;;;
108;EVAPORAÇÃO;AQUECEDOR THERMOL CONJUNTO 02 VASO 03;PAT02.03;;;;;ASME - Seção VIII - Divisão 1;Edição 2001;;;1,50 kgf/cm²;10,00 kgf/cm²;0,80 kgf/cm²;7,28 kgf/cm²;1,95 kgf/cm²;13,00 kgf/cm²;VAPOR;XAROPE;;;;;;C;5;V;;;;;;09/04/2026;25/08/2026;;;;;
109;EVAPORAÇÃO;AQUECEDOR THERMOL CONJUNTO 03 VASO 01;PAT03.01;;;;;ASME - Seção VIII - Divisão 1;Edição 2001;;;1,50 kgf/cm²;10,00 kgf/cm²;0,80 kgf/cm²;7,28 kgf/cm²;1,95 kgf/cm²;13,00 kgf/cm²;VAPOR;XAROPE;;;;;;C;5;V;;;;;;09/04/2026;25/08/2026;;;;;
110;EVAPORAÇÃO;AQUECEDOR THERMOL CONJUNTO 03 VASO 02;PAT03.02;;;;;ASME - Seção VIII - Divisão 1;Edição 2001;;;1,50 kgf/cm²;10,00 kgf/cm²;0,80 kgf/cm²;7,28 kgf/cm²;1,95 kgf/cm²;13,00 kgf/cm²;VAPOR;XAROPE;;;;;;C;5;V;;;;;;09/04/2026;25/08/2026;;;;;
111;EVAPORAÇÃO;AQUECEDOR THERMOL CONJUNTO 03 VASO 03;PAT03.03;;;;;ASME - Seção VIII - Divisão 1;Edição 2001;;;1,50 kgf/cm²;10,00 kgf/cm²;0,80 kgf/cm²;7,28 kgf/cm²;1,95 kgf/cm²;13,00 kgf/cm²;VAPOR;XAROPE;;;;;;C;5;V;;;;;;09/04/2026;25/08/2026;;;;;
112;EVAPORAÇÃO;TANQUE DE REAÇÃO;TQR01;21-0790.008-31-131851-RIP;2005;;;ASME - Seção VIII - Divisão 1;Edição 2017;6,00 kgf/cm²;N / A;6,00 kgf/cm²;N / A;1,50 kgf/cm²;N / A;9,00 kgf/cm²;N / A;CALDO FLOTADO;N / A;2,00 m³;N / A;;;;D;5;V;;;;;;15/04/2026;15/04/2026;;;;;
113;FÁBRICA DE AÇÚCAR;COZEDOR A VÁCUO 01 – 400 HL;COZ01;21-0790.008-31-127138-RIP;2021;CALDEMA;CALDEMA;ASME - Seção VIII - Divisão 1;.-x-.;3,00 kgf/cm²;3,20 kgf/cm²;3,00 kgf/cm²;3,20 kgf/cm²;- 0,8 Kgf/cm²;0,8 Kgf/cm²;4,50 kgf/cm²;4,80 kgf/cm²;Xarope;VAPOR;.-x-.;.-x-.;;.-x-.;;C;3;III;SIM ;DE-013.02.254-005;MC-013.02-252-001;PR-210790-104326;SIM;12/04/2026;12/04/2026;FMGOIGOI003 / 24 - TH;Adequar a Placa de Identificação – Item 13.5.1.3 da NR-13.;;;
114;FÁBRICA DE AÇÚCAR;COZEDOR A VÁCUO 02 – 400 HL;COZ02;21-0790.008-31-127140-RIP;2021;CALDEMA;CALDEMA;ASME - Seção VIII - Divisão 1;Edição 2010, Adena 2011;3,00 kgf/cm²;3,20 kgf/cm²;3,00 kgf/cm²;3,20 kgf/cm²;- 0,8 Kgf/cm²;0,8 Kgf/cm²;4,50 kgf/cm²;4,80 kgf/cm²;Xarope;VAPOR;.-x-.;.-x-.;;.-x-.;;C;3;III;SIM ;DE-013.02.254-006;MC-013.02-252-002;PR-210790-104613;SIM;12/04/2026;12/04/2026;FMGOIGOI004 / 24 - TH;;;;
115;FÁBRICA DE AÇÚCAR;COZEDOR A VÁCUO 03 – 400 HL;COZ03;21-0790.008-31-127142-RIP;2020;CALDEMA;CALDEMA;ASME - Seção VIII - Divisão 1;Edição 2010, Adenda 2011;3,00 kgf/cm²;3,20 kgf/cm²;3,00 kgf/cm²;3,20 kgf/cm²;- 0,8 Kgf/cm²;0,8 Kgf/cm²;4,50 kgf/cm²;4,80 kgf/cm²;CALDO;VAPOR;96,01 m³;7,28 m³;MAN-012       VAC-002;.-x-.;;D;3;IV;SIM ;DE-013.02.254-007;MC-013.02-252-003;N / A;SIM;12/01/2029;12/01/2033;FMGOIGOI018 / 24 - TH;;"Corrigir a Categoria – item 13.5.1.4. da NR13.
";Executar a calibração e gerar certificados do dispositivo de segurança - Item 13.5.1.5 (e) da NR-13.;
116;FÁBRICA DE AÇÚCAR;COZEDOR A VÁCUO 04 – 400 HL;COZ04;00393/24;1998;CALDEMA;CALDEMA;ASME - Seção VIII - Divisão 1;Edição 2010, Adena 2011;2,00 kgf/cm²; 1,50 kgf/cm²;2,00 kgf/cm²; 1,50 kgf/cm²;- 0,8 Kgf/cm²;0,8 Kgf/cm²;2,00 kgf/cm²;2,00 kgf/cm²;VAPOR;XAROPE;139,08 m³;23,75 m³;;.-x-.;;C;4;IV;SIM ;NÃO;SIM;PA-210790-122580;SIM;27/03/2028;15/03/2032;FMGOIGOI033 / 24 - TH;;;;
117;FÁBRICA DE AÇÚCAR;COZEDOR A VÁCUO 05 – 600 HL;COZ05;00394/24;1998;CALDEMA;CALDEMA;ASME - Seção VIII - Divisão 1;Edição 2010, Adena 2011;2,00 kgf/cm²; 1,50 kgf/cm²;2,00 kgf/cm²; 1,50 kgf/cm²;- 0,8 Kgf/cm²;0,8 Kgf/cm²;2,00 kgf/cm²;2,00 kgf/cm²;VAPOR;XAROPE;139,08 m³;23,75 m³;;.-x-.;;C;4;V;SIM ;A2-01-0000;SIM;N / A;SIM;15/03/2029;15/03/2034;FMGOIGOI011 / 24 - TH;;;;
118;FÁBRICA DE AÇÚCAR;COZEDOR A VÁCUO 06 – 800 HL;COZ06;01259/24;2010;CSJ / Sucrana Assessoria e Tecnologia - Jaboticabal-SP;CSJ;ASME - Seção VIII - Divisão 1;Edição 2004, Adena 2007;1,40 kgf/cm²; 1,50 kgf/cm²;1,40 kgf/cm²; 1,50 kgf/cm²;0,86 kgf/cm²;0,70 Kgf/cm²;2,14 kgf/cm²;2,14 kgf/cm²;CALDO;VAPOR;64,64 m³;14,976 m³;VAC-100        MAN-048;.-x-.;;D;3;IV;SIM ;DE-003-08-MA05-001;SIM;PAR 016/21 Rev.1;SIM;16/12/2028;16/12/2028;SIM;Adequar a Placa de Identificação – Item 13.5.1.3 da NR-13.;;Reparar o isolamento térmico - Item 1.4 é 1.6 (Deste relatório) / Executar a calibração e gerar certificados do dispositivo de segurança - Item 13.5.1.5 (e) da NR-13.;
119;FÁBRICA DE AÇÚCAR;COZEDOR A VÁCUO 07 – 600 HL;COZ07;01260/24;2010;SEMAG / Sucrana Assessoria e Tecnologia S/AS - Jaboticabal-SP;SEMAG;ASME - Seção VIII - Divisão 1;Edição 2004, Adena 2007;1,03 kgf/cm² ;1,50 kgf/cm² ;1,65 kgf/cm²;1,65 kgf/cm²;0,86 Kgf/cm² ;0,70 Kgf/cm² ;2,14 kgf/cm²;2,14 kgf/cm²;CALDO;VAPOR;64,64 m³;14,976 m³;VAC-102         MAN-149;.-x-.;;D;3;IV;SIM ;DE-003-08-MA05-001;JECEL                           MCV-JC-1105/2020;PR-210790-104786;SIM;17/12/2028;17/12/2028;SIM;Adequar a Placa de Identificação – Item 13.5.1.3 da NR-13.;;Reparar o isolamento térmico - Item 1.4 é 1.6 (Deste relatório) / Executar a calibração e gerar certificados do dispositivo de segurança - Item 13.5.1.5 (e) da NR-13.;
120;FÁBRICA DE AÇÚCAR;SEPARADOR CONDENSADO;RAC04;00154/25;2023;ATLAS COPCO - SUÉCIA / ARXO Industrial do Brasil;Atlas Copco;ASME - Seção VIII - Divisão 1;Edição 2021;11,00 kgf/cm² ;N / A;11,00 kgf/cm² ;N / A;10,00 kgf/cm² ;N / A;16,50 kgf/cm² ;N / A;ÁGUA CONDENSADA;N / A;3,00 m³;N / A;;.-x-.;;C;3;III;SIM ;266500061;AC2017-318 R4;N / A;SIM;08/04/2028;08/04/2031;Efetuar teste hidrostática na próxima intervenção - Item 13.5.4.3.1 da NR13;Adequar a Placa de Identificação – Item 13.5.1.3 da NR-13.;Adequar a Categoria – 13.5.1.4. da NR-13. / Identificar o TAG – item 13.5.1.4. da NR-13;Executar a calibração e gerar certificado do dispositivo de pressão / Executar a calibração e gerar certificado do dispositivo de segurança - Item 13.5.1.5.e. da NR-13 / Instalar o aterramento - Item 1.15 deste relatório.;
121;FÁBRICA DE AÇÚCAR;CONDENSADOR BAROMÉTRICO DO COZEDOR Nº03;COZB03;21-0790.008-31-127149-RIP;1994;;;ASME - Seção VIII - Divisão 1;Edição 2017;0,86 kgf/cm²;N / A;0,86 kgf/cm²;N / A;0,82 kgf/cm²;N / A;1,10 kgf/cm²;N / A;ÁGUA;N / A;11,30 m³;N / A;;;;D;5;V;;NÃO;FNC-411/2024;N / A;;15/04/2026;05/03/2031;;;;;
122;FÁBRICA DE AÇÚCAR;CONDENSADOR BAROMÉTRICO DO COZEDOR Nº04;COZB04;21-0790.008-31-127152-RIP;1999;;;ASME - Seção VIII - Divisão 1;Edição 2017;0,86 kgf/cm²;N / A;0,86 kgf/cm²;N / A;0,82 kgf/cm²;N / A;1,12 kgf/cm²;N / A;ÁGUA;N / A;11,30 m³;N / A;;;;D;5;V;;NÃO;FNC-411/2024;N / A;;15/04/2026;05/03/2031;;;;;
123;FÁBRICA DE AÇÚCAR;CONDENSADOR BAROMÉTRICO DO COZEDOR Nº05;COZB05;21-0790.008-31-127153-RIP;1999;;;ASME - Seção VIII - Divisão 1;Edição 2017;0,86 kgf/cm²;N / A;0,86 kgf/cm²;N / A;0,82 kgf/cm²;N / A;1,12 kgf/cm²;N / A;ÁGUA;N / A;11,30 m³;N / A;;;;D;5;V;;NÃO;FNC-411/2024;N / A;;15/04/2026;05/03/2031;;;;;
124;FÁBRICA DE AÇÚCAR;CONDENSADOR BAROMÉTRICO DO COZEDOR Nº06;COZB06;;2024;LAFERTEC EQUIPAMENTOS INDUSTRIAIS LTDA;LAFERTEC;ASME - Seção VIII - Divisão 1;Edição 2023;0,86 kgf/cm²;N / A;0,86 kgf/cm²;N / A;0,83 kgf/cm²;N / A;1,12 kgf/cm²;N / A;ÁGUA;N / A;11,30 m³;N / A;;;;D;5;V;;NÃO;FNC-411/2024;N / A;;;;;;;;
125;FÁBRICA DE AÇÚCAR;CONDENSADOR BAROMÉTRICO DO COZEDOR Nº07;COZB07;21-0790.008-31-127155-RIP;2010;;;ASME - Seção VIII - Divisão 1;Edição 2017;0,86 kgf/cm²;N / A;0,86 kgf/cm²;N / A;0,82 kgf/cm²;N / A;1,12 kgf/cm²;N / A;ÁGUA;N / A;24,90 m³;N / A;;;;D;5;V;;NÃO;FNC-411/2024;N / A;;15/04/2026;05/03/2031;;;;;
126;LABORATÓRIO;AUTOCLAVE MAIOR - AV75;AUT-2;25-0035-31-0563-RIE;;PHOENIX IND. COM. DE EQUIPS CIENTÍFICOS Ltda;PHOENIX;ASME I ABNT;.-x-.;1,50 kgf/cm²;N / A;1,50 kgf/cm²;N / A;1,00 kgf/cm²;N / A;2,50 kgf/cm²;N / A;VAPOR;N / A;.-x-.;N / A;MAN - 060;AV - 75;;C;5;V;NÃO;NÃO;NÃO;N / A;SIM;25/02/2030;25/02/2030;Efetuar teste hidrostática na próxima intervenção - Item 13.5.4.3.1 da NR13;Adequar a Placa de Identificação – Item 13.5.1.3 da NR-13.;;;
127;LABORATÓRIO;AUTOCLAVE MENOR - AV30;AUT-1;21-0790.008-31-127158-RIP;2006;PHOENIX IND. COM. DE EQUIPS CIENTÍFICOS Ltda;PHOENIX;ASME I ABNT;.-x-.;1,60 kgf/cm²;N / A;1,60 kgf/cm²;N / A;1,00 kgf/cm²;N / A;3,00 kgf/cm²;N / A;VAPOR;N / A;.-x-.;N / A;;.-x-.;;C;5;V;NÃO;NÃO;NÃO;N / A;SIM;19/02/2026;19/02/2026;;Adequar a Placa de Identificação – Item 13.5.1.3 da NR-13.;;;
128;TRATAMENTO DE CALDO ;AQUECEDOR DE CALDO VERTICAL 01;AQD001;00343/24;2012;Brumazi Soluções Industriais – Sertãozinho/SP.;Brumazi;ASME - Seção VIII - Divisão 1;Edição 1998 Tema C (Adotado);2,00 kgf/cm²;8,00 kgf/cm²;2,00 kgf/cm²;7,30 kgf/cm²;0,80 Kgf/cm²;6,60 Kgf/cm²;3,00 Kgf/cm²;10,95 Kgf/cm²;VAPOR;CALDO;6,300 m³;2,370 m³;;.-x-.;;C;4;IV;SIM ;NÃO;MC-210790-01598;PA-210790-122141;SIM;04/04/2028;04/04/2032;FMGOIGOI017 / 24 - TH;OK;;Isolar térmicamente os tampos – item 1.5. deste relatório / Monitorar tubos do espelho inferior (corrosões superficiais) – item 2.3. deste relatório. / efetuar pinturas – itens 1.6., 1.8., 1.10. e 1.12 deste relatório.;
129;TRATAMENTO DE CALDO ;AQUECEDOR DE CALDO VERTICAL 02;AQD002;00344/24;2012;Brumazi Soluções Industriais – Sertãozinho/SP.;Brumazi;ASME - Seção VIII - Divisão 1;Edição 1998, Tema C (adotado);2,00 Kgf/cm²;8,00 Kgf/cm²;2,00 kgf/cm²;7,30 kgf/cm²;0,80 Kgf/cm²;5,60 Kgf/cm²;3,00 Kgf/cm²;10,95 Kgf/cm²;VAPOR;Caldo;6,30 m³;2,37 m³;;.-x-.;;C;4;IV;SIM ;NÃO;MC-210790-02410;N / A;SIM;04/04/2028;04/04/2032;FMGOIGOI019 / 24 - TH;OK;;Isolar térmicamente os tampos – item 1.5. deste relatório / Monitorar tubos do espelho inferior (corrosões superficiais) – item 2.3. deste relatório. / efetuar pinturas – itens 1.6., 1.8., 1.10. e 1.12 deste relatório.;
130;TRATAMENTO DE CALDO ;AQUECEDOR DE CALDO VERTICAL 03;AQD003;00345/24;2012;Brumazi Soluções Industriais – Sertãozinho/SP.;Brumazi;ASME - Seção VIII - Divisão 1;Edição 1998 Tema C (Adotado);2,00 kgf/cm²;8,00 kgf/cm²;2,00 kgf/cm²;7,30 kgf/cm²;0,80 Kgf/cm²;6,60 Kgf/cm²;3,00 Kgf/cm²;10,95 Kgf/cm²;VAPOR;CALDO;6,300 m³;2,370 m³;;.-x-.;;C;4;IV;SIM ;NÃO;MC-210790-02411;PA-210790-122153;SIM;06/04/2028;06/04/2032;FMGOIGOI020 / 24 - TH;OK;;Efetuar pinturas – itens 1.6., 1.8., 1.10., 1.11. e 1.12 deste relatório.;
131;TRATAMENTO DE CALDO ;AQUECEDOR DE CALDO VERTICAL 04;AQD004;00350/24     00001/25;1994;Brumazi Soluções Industriais – Sertãozinho/SP.;Brumazi;ASME - Seção VIII - Divisão 1;Edição 1992 Tema C (Adotado);2,00 kgf/cm²;7,30 kgf/cm²;2,00 kgf/cm²;7,30 kgf/cm²;0,80 Kgf/cm²;6,60 Kgf/cm²;3,00 Kgf/cm²;10,95 Kgf/cm²;CALDO;VAPOR;8,593 m³;0,896 m³;MAN-305        MAN-304;.-x-.;;C;5;V;SIM ;NÃO;PERTICARARI;PA-210790-122160;SIM;07/04/2029;21/01/2035;SIM;Adequar a Placa de Identificação – Item 13.5.1.3 da NR-13.;;Executar a calibração e gerar certificados do dispositivo de segurança - Item 13.5.1.5 (e) da NR-13.;
132;TRATAMENTO DE CALDO ;AQUECEDOR DE CALDO VERTICAL 05;AQD005;00347/24     00002/25;2016;Brumazi Soluções Industriais – Sertãozinho/SP.;Brumazi;ASME - Seção VIII - Divisão 1;Edição 2015  ;8,00 kgf/cm²;3,00 kgf/cm²;8,00 kgf/cm²;3,00 kgf/cm²;5,00 Kgf/cm²;0,75 Kgf/cm²;10,40 Kgf/cm²;3,90 Kgf/cm²;VAPOR;CALDO;8,118 m³;1,792 m³;MAN-306       MAN-307;.-x-.;;C;3;III;SIM ;PV10489.01-PJ-00.00 AQV200.02-PJ-00.00;PERTICARARI;PA-210790-122766;SIM;06/04/2027;22/01/2031;SIM;ILEGÍVEL;Identificar o TAG – item 13.5.1.4. da NR-13;Executar a calibração e gerar certificados do dispositivo de segurança - Item 13.5.1.5 (e) da NR-13.;
133;TRATAMENTO DE CALDO ;AQUECEDOR DE CALDO VERTICAL 06;AQD006;00348/24     00003/25;1994;Brumazi Soluções Industriais – Sertãozinho/SP.;Brumazi;ASME - Seção VIII - Divisão 1;Edição 1998 Tema C (Adotado);2,00 kgf/cm²;6,60 kgf/cm²;2,00 kgf/cm²;6,60 kgf/cm²;0,80 Kgf/cm²;5,60 Kgf/cm²;3,00 Kgf/cm²;9,90 Kgf/cm²;VAPOR;CALDO;6,803 m³;1,160 m³;MAN-308         MAN-309;.-x-.;;C;4;IV;SIM ;NÃO;PERTICARARI;PA-210790-122166;SIM;07/04/2029;22/01/2033;SIM;Adequar a Placa de Identificação – Item 13.5.1.3 da NR-13.;Identificar o TAG – item 13.5.1.4. da NR-13;Executar a calibração e gerar certificados do dispositivo de segurança - Item 13.5.1.5 (e) da NR-13.;
134;TRATAMENTO DE CALDO ;AQUECEDOR DE CALDO VERTICAL 07;AQD007;00349/24     00004/25;2016;Brumazi Soluções Industriais – Sertãozinho/SP.;Brumazi;ASME - Seção VIII - Divisão 1;Edição 2015 Tema C (Adotado)  ;8,00 kgf/cm²;3,00 kgf/cm²;8,00 kgf/cm²;3,00 kgf/cm²;5,00 Kgf/cm²;0,74 Kgf/cm²;10,40 Kgf/cm²;3,90 Kgf/cm²;VAPOR;CALDO;8,118 m³;1,792 m³;MAN-310       MAN-311;.-x-.;;C;3;III;SIM ;PV10489.01-PJ-00.00 AQV200.02-PJ-00.00;PERTICARARI;PA-210790-122814;SIM;07/04/2027;23/01/2031;SIM;ILEGÍVEL;Identificar o TAG – item 13.5.1.4. da NR-13;Executar a calibração e gerar certificados do dispositivo de segurança - Item 13.5.1.5 (e) da NR-13.;
135;TRATAMENTO DE CALDO ;AQUECEDOR DE CALDO VERTICAL 08;AQD008;00346/24;2012;Brumazi Soluções Industriais – Sertãozinho/SP.;Brumazi;ASME - Seção VIII - Divisão 1;Edição 1998 Tema C (Adotado);2,00 Kgf/cm²;8,00 Kgf/cm²;2,00 kgf/cm²;6,60 kgf/cm²;0,80 Kgf/cm²;5,60 Kgf/cm²;3,00 Kgf/cm²;9,90 Kgf/cm²;VAPOR;CALDO;6,300 m³;2,370 m³;;.-x-.;;C;4;IV;SIM ;NÃO;MC-210790-02414;PA-210790-122172;SIM;06/04/2028;06/04/2032;FMGOIGOI023 / 24 - TH;Adequar a Placa de Identificação – Item 13.5.1.3 da NR-13.;;Efetuar pinturas – itens 1.6., 1.8, 1.10, 1.11. e 1.12. deste relatório.;
136;TRATAMENTO DE CALDO ;AQUECEDOR DE CALDO VERTICAL 09;AQD009;00351/24;2016;Brumazi Soluções Industriais – Sertãozinho/SP.;Brumazi;ASME - Seção VIII - Divisão 1;Edição 2015  ;8,00 kgf/cm²;3,00 kgf/cm²;8,00 kgf/cm²;3,00 kgf/cm²;0,70 Kgf/cm²;5,00 Kgf/cm²;3,90 Kgf/cm²;10,40 Kgf/cm²;VAPOR;Caldo;6,23 m³;3,10 m³;;.-x-.;;C;4;IV;SIM ;NÃO;MC-210790-02724;PA-210790-122783;SIM;07/04/2028;07/04/2028;FMGOIGOI015 / 24 - TH;ILEGÍVEL;ILEGÍVEL;Reparar isolamento térmico – item 1.3. deste relatório / Efetuar pinturas – itens 1.6., 1.8., e 1.10. a 1.12. deste relatório. / Nota: Validade da Inspeção Visual Interna reduzida => Substituída por Medições de Espessuras (END) – item 13.5.4.6. da NR-13.;
137;TRATAMENTO DE CALDO ;AQUECEDOR DE CALDO VERTICAL 10;AQD010;00352/24;2016;Brumazi Soluções Industriais – Sertãozinho/SP.;Brumazi;ASME - Seção VIII - Divisão 1;Edição 2015 Tema C (Adotado);3,00 kgf/cm²;8,00 kgf/cm²;3,00 kgf/cm²;8,00 kgf/cm²;0,70 Kgf/cm²;5,00 Kgf/cm²;3,90 Kgf/cm²;10,4 Kgf/cm²;VAPOR;CALDO;6,230 m³;3,100 m³;;.-x-.;;C;4;IV;SIM ;NÃO;MC-210790-02725;PA-210790-124266;SIM;08/04/2029;07/04/2028;FMGOIGOI016 / 24 - TH;OK;Identificar o TAG – item 13.5.1.4. da NR-13;Efetuar pinturas – itens 1.6., 1.8., 1.10. a 1.12. da NR-13 / Nota: Validade da Inspeção Visual Interna reduzida => Substituída por Medições de Espessuras (END) – item 13.5.4.6. da NR-13.;
138;TRATAMENTO DE CALDO ;AQUECEDOR DE CALDO VERTICAL 11;AQD011;00265/24     00005/25;2016;Brumazi Soluções Industriais – Sertãozinho/SP.;Brumazi;ASME - Seção VIII - Divisão 1;Edição 1998 Tema C (Adotado);8,00 kgf/cm²;3,00 kgf/cm²;8,00 kgf/cm²;3,00 kgf/cm²;5,00 Kgf/cm²;1,50 Kgf/cm²;10,40 Kgf/cm²;3,90 Kgf/cm²;VAPOR;CALDO;8,118 m³;1,792 m³;MAN-319       MAN-320;.-x-.;AQD-11A       AQD-11B;C;3;III;SIM ;PV10489.05-PJ-00.00;MC-210790-02726;PA-210790-124267;SIM;27/03/2029;23/01/2031;SIM;ILEGÍVEL;Adequar a Categoria – 13.5.1.4. da NR-13.;Executar a calibração e gerar certificados do dispositivo de segurança - Item 13.5.1.5 (e) da NR-13.;
139;TRATAMENTO DE CALDO ;AQUECEDOR DE CALDO VERTICAL 12;AQD012;00264/24     00006/25;2016;Brumazi Soluções Industriais – Sertãozinho/SP.;Brumazi;ASME - Seção VIII - Divisão 1;Edição 2010 - Adema 2011;8,00 kgf/cm²;3,00 kgf/cm²;8,00 kgf/cm²;3,00 kgf/cm²;5,00 Kgf/cm²;0,75 Kgf/cm²;10,40 Kgf/cm²;3,90 Kgf/cm²;VAPOR;CALDO;8,118 m³;1,792 m³;MAN-322        MAN-323;.-x-.;AQD-12A        AQD-12B;C;3;III;SIM ;PV10489.06-PJ-00.00;MC-210790-02727;PA-210790-124268;SIM;27/03/2029;24/01/2031;SIM;OK;;Executar a calibração e gerar certificados do dispositivo de segurança - Item 13.5.1.5 (e) da NR-13.;
140;TRATAMENTO DE CALDO ;AQUECEDOR DE CALDO VERTICAL 13;AQD013;00355/24;2012;Brumazi Soluções Industriais – Sertãozinho/SP.;Brumazi;ASME - Seção VIII - Divisão 1;Edição 1998 Tema C (Adotado);3,00 Kgf/cm²;8,00 Kgf/cm²;3,00 kgf/cm²;6,60 kgf/cm²;0,80 Kgf/cm²;5,60 Kgf/cm²;4,50 Kgf/cm²;9,90 Kgf/cm²;VAPOR;CALDO;6,300 m³;2,370 m³;;.-x-.;;C;4;IV;SIM ;NÃO;MC-210790-02732;PA-210790-122181;SIM;08/04/2028;08/04/2028;FMGOIGOI024 / 24 - TH;OK;;Efetuar pinturas – itens 1.6., 1.8., 1.10., 1.11. e 1.12. deste relatório / Nota: Validade da Inspeção Visual Interna reduzida => Substituída por Medições de Espessuras (END) – item 13.5.4.6. da NR-13.;
141;TRATAMENTO DE CALDO ;AQUECEDOR DE CALDO VERTICAL 14;AQD014;00356/24;2012;Brumazi Soluções Industriais – Sertãozinho/SP.;Brumazi;ASME - Seção VIII - Divisão 1;Edição 1998 Tema C (Adotado);3,00 Kgf/cm²;8,00 Kgf/cm²;3,00 kgf/cm²;6,60 kgf/cm²;1,50 Kgf/cm²;5,60 Kgf/cm²;4,50 Kgf/cm²;9,90 Kgf/cm²;VAPOR;CALDO;6,300 m³;2,370 m³;;.-x-.;;C;4;IV;SIM ;NÃO;MC-210790-02733;PA-210790-122605;SIM;08/04/2028;08/04/2028;FMGOIGOI025 / 24 - TH;OK;;Isolar térmicamente os tampos – item 1.5. deste relatório / Efetuar pinturas – itens 1.6.,1.8., 1.10. a 1.12. deste relatório / Nota: Validade da Inspeção Visual Interna reduzida => Substituída por Medições de Espessuras (END) – item 13.5.4.6. da NR-13.;
142;TRATAMENTO DE CALDO ;AQUECEDOR DE CALDO VERTICAL 15;AQD015;00357/24;2012;Brumazi Soluções Industriais – Sertãozinho/SP.;Brumazi;ASME - Seção VIII - Divisão 1;Edição 1998 Tema C (Adotado);3,00 Kgf/cm²;8,00 Kgf/cm²;3,00 kgf/cm²;6,60 kgf/cm²;1,50 Kgf/cm²;5,60 Kgf/cm²;4,50 Kgf/cm²;9,90 Kgf/cm²;VAPOR;CALDO;6,300 m³;2,370 m³;;.-x-.;;C;4;IV;SIM ;NÃO;MC-210790-02784;PA-210790-122610;SIM;09/04/2028;09/04/2028;FMGOIGOI026 / 24 - TH;OK;;Efetuar pinturas – itens 1.6., 1.8., 1.10., 1.11. e 1.12. deste relatório / Nota: Validade da Inspeção Visual Interna reduzida => Substituída por Medições de Espessuras (END) – item 13.5.4.6. da NR-13. ;
143;TRATAMENTO DE CALDO ;AQUECEDOR DE CALDO VERTICAL 16;AQD016;00358/24;2012;Brumazi Soluções Industriais – Sertãozinho/SP.;Brumazi;ASME - Seção VIII - Divisão 1;Edição 1998 Tema C (Adotado);3,00 Kgf/cm²;8,00 Kgf/cm²;3,00 kgf/cm²;6,60 kgf/cm²;1,50 Kgf/cm²;5,60 Kgf/cm²;4,50 Kgf/cm²;9,90 Kgf/cm²;VAPOR;CALDO;6,300 m³;2,370 m³;;.-x-.;;C;4;IV;SIM ;NÃO;MC-210790-02785;PA-210790-122620;SIM;09/04/2028;09/04/2028;FMGOIGOI027 / 24 - TH;OK;;Efetuar pinturas – itens 1.6., 1.8., 1.10., 1.11. e 1.12. deste relatório / Nota: Validade da Inspeção Visual Interna reduzida => Substituída por Medições de Espessuras (END) – item 13.5.4.6. da NR-13.;
144;TRATAMENTO DE CALDO ;AQUECEDOR DE CALDO VERTICAL 17;AQD017;00359/24;2012;Brumazi Soluções Industriais – Sertãozinho/SP.;Brumazi;ASME - Seção VIII - Divisão 1;Edição 1998 Tema C (Adotado);3,00 Kgf/cm²;8,00 Kgf/cm²;2,00 kgf/cm²;6,60 kgf/cm²;0,80 Kgf/cm²;5,60 Kgf/cm²;3,00 Kgf/cm²;9,90 Kgf/cm²;VAPOR;CALDO;6,300 m³;2,370 m³;;.-x-.;;C;4;IV;SIM ;NÃO;MC-210790-02786;PA-210790-122627;SIM;09/04/2028;09/04/2032;FMGOIGOI028 / 24 - TH;OK;;Efetuar pinturas – itens 1.6., 1.8., 1.10, 1.11. e 1.12. deste relatório / Nota: Validade da Inspeção Visual Interna reduzida => Substituída por Medições de Espessuras (END) – item 13.5.4.6. da NR-13.;
145;TRATAMENTO DE CALDO ;AQUECEDOR DE CALDO VERTICAL 18;AQD018;00360/24;2012;Brumazi Soluções Industriais – Sertãozinho/SP.;Brumazi;ASME - Seção VIII - Divisão 1;Edição 1998 Tema C (Adotado);3,00 Kgf/cm²;8,00 Kgf/cm²;2,00 kgf/cm²;6,60 kgf/cm²;0,80 Kgf/cm²;5,60 Kgf/cm²;3,00 Kgf/cm²;9,90 Kgf/cm²;VAPOR;Caldo;6,30 m³;2,37 m³;;.-x-.;;C;4;IV;SIM ;NÃO;MC-210790-02787;PA-210790-122631;SIM;09/04/2028;09/04/2028;FMGOIGOI029 / 24 - TH;OK;;Isolar térmicamente os tampos – item 1.5. deste relatório / Efetuar pinturas – itens 1.6., 1.8 e 1.10 a 1.12. deste relatório / Nota: Validade da Inspeção Visual Interna => Substituída por Medições de Espessuras (END) – item 13.5.4.6. da NR-13.;
146;TRATAMENTO DE CALDO ;REGENERADOR DE CONTATO;RGC001;00342/24;2008;Jambeiro Calderaria e Usinagem Ltda – Jambeiro/SP;Jambeiro;ASME - Seção VIII - Divisão 1;Edição 2008 (Adotado);3,00 kgf/cm²;N / A;3,00 kgf/cm²;N / A;- 0,27 Kgf/cm²;N / A;2,00 Kgf/cm²;N / A;VAPOR VEGETAL;N / A;48,239 m³;N / A;;.-x-.;;C;3;III;SIM ;63-D1-30-ME4-063-776-R1 / 64-D2-30-ME3-064-776-R3;NÃO;N / A;SIM;04/04/2027;04/04/2030;;INEXISTENTE;Adequar a Categoria – 13.5.1.4. da NR-13.;Efetuar Teste Hidrostático na próxima intervenção – item 13.5.4.3.1. da NR-13 / Reparar o isolamento térmico – item 1.4. deste relatório / Identificar o TAG e calibrar a Válvula de Segurança e incluir o certificado de calibração na documentação do equipamento até a próxima campanha (01/04/2025) caso contrário este relatório perderá a validade / Instalar o(s) dispositivo(s) de Pressão – item 13.5.1.2.d. da NR-13.;
147;TRATAMENTO DE CALDO ;TANQUE DE CONDENSADO V1;TCV1;0034/241;2016;PRG Engenharia, Gestão, Construção e Montagem – Jaboticabal/SP;PRG;ASME - Seção VIII - Divisão 1;Edição 2010;2,50 Kgf/cm²;N / A;2,50 Kgf/cm²;N / A;0.80 Kgf/cm²;N / A;3,25 Kgf/cm²;N / A;CONDENSADO;N / A;8,810 m³;N / A;;.-x-.;;D;4;V;SIM ;073-005-MEC-DE-007  073-013-MEC-DE-010 ;NÃO;N / A;SIM;04/04/2029;04/04/2034;;;;"Efetuar Teste Hidrostático na próxima intervenção – item 13.5.4.3.1. da NR-13 / Instalar dispositivo de pressão – item 13.5.1.2.d. da NR-13 / Identificar o TAG e calibrar a Válvula de Segurança e incluir os certificados de calibração na documentação do equipamento até a próxima
campanha (01/04/2025) caso contrário este relatório perderá a validade";
148;TRATAMENTO DE CALDO ;TANQUE DE CONDENSADO PARA AS CALDEIRAS;VR01;21-0790.008-31-127159-RIP;1990;;;ASME - Seção VIII - Divisão 1;Edição 2017;6,00 Kgf/cm²;N / A;6,00 Kgf/cm²;N / A;1.50 Kgf/cm²;N / A;9,00 Kgf/cm²;N / A;CONDENSADO;N / A;1,50 m³;N / A;;.-x-.;;C;5;V;;;NÃO;N / A;;15/04/2026;15/04/2026;;;;;
149;TRATAMENTO DE CALDO ;TANQUE DE CONDENSADO DE VAPOR DE ESCAPE VE;VE01;21-0790.008-31-127161-RIP;1999;;;ASME - Seção VIII - Divisão 1;Edição 2017;2,50 Kgf/cm²;N / A;6,00 Kgf/cm²;N / A;1.50 Kgf/cm²;N / A;9,00 Kgf/cm²;N / A;ÁGUA;N / A;1,50 m³;N / A;;.-x-.;;D;5;V;;;NÃO;N / A;;15/04/2026;15/04/2026;;;;;
150;TRATAMENTO DE CALDO ;TANQUE DE CONDENSADO VAPOR V2;VV2-01;21-0790.008-31-127160-RIP;1995;;;ASME - Seção VIII - Divisão 1;Edição 2017;2,50 Kgf/cm²;N / A;6,00 Kgf/cm²;N / A;1.50 Kgf/cm²;N / A;9,00 Kgf/cm²;N / A;ÁGUA;N / A;1,50 m³;N / A;;.-x-.;;D;5;V;;;NÃO;N / A;;15/04/2026;15/04/2026;;;;;
